4.51496, 4.51467, 4.51408, 4.5132, 4.51202, 4.51054, 4.50876, 4.50668, 4.5043, 4.50161, 4.49861, 4.4953, 4.49167, 4.48771, 4.48343, 4.47882, 4.47387, 4.46857, 4.46293, 4.45693, 4.45056, 4.44383, 4.43671, 4.4292, 4.4213, 4.413, 4.40427, 4.39512, 4.38553, 4.3755, 4.365, 4.35403, 4.34257, 4.33062, 4.31815, 4.30516, 4.29162, 4.27752, 4.26285, 4.24759, 4.23172, 4.21523, 4.19808, 4.18028, 4.16179, 4.14259, 4.12266, 4.10199, 4.08054, 4.0583, 4.03524, 4.01133, 3.98655, 3.96086, 3.93426, 3.90669, 3.87814, 3.84858, 3.81797, 3.78628, 3.75347, 3.71952, 3.68438, 3.64803, 3.61042, 3.57152, 3.53128, 3.48966, 3.44663, 3.40213, 3.35614, 3.30859, 3.25944, 3.20865, 3.15616, 3.10193, 3.04591, 2.98803, 2.92824, 2.8665, 2.80273, 2.73689, 2.6689, 2.59872, 2.52626, 2.45148, 2.3743, 2.29465, 2.21247, 2.12767, 2.04019, 1.94995, 1.85687, 1.76088, 1.66188, 1.55981, 1.45457, 1.34607, 1.23423, 1.11895, 
4.54349, 4.54321, 4.54264, 4.54179, 4.54066, 4.53924, 4.53754, 4.53554, 4.53325, 4.53067, 4.52778, 4.5246, 4.52111, 4.51731, 4.5132, 4.50876, 4.504, 4.49891, 4.49348, 4.48771, 4.48159, 4.47511, 4.46826, 4.46104, 4.45343, 4.44543, 4.43703, 4.42822, 4.41898, 4.40931, 4.3992, 4.38863, 4.37758, 4.36605, 4.35403, 4.34149, 4.32843, 4.31482, 4.30066, 4.28593, 4.2706, 4.25466, 4.2381, 4.22088, 4.20301, 4.18444, 4.16517, 4.14516, 4.12441, 4.10288, 4.08054, 4.05738, 4.03338, 4.00849, 3.9827, 3.95597, 3.92828, 3.8996, 3.8699, 3.83913, 3.80729, 3.77431, 3.74018, 3.70486, 3.66831, 3.63048, 3.59135, 3.55088, 3.50901, 3.46571, 3.42093, 3.37464, 3.32677, 3.27729, 3.22615, 3.1733, 3.11867, 3.06223, 3.00392, 2.94368, 2.88146, 2.81719, 2.75081, 2.68227, 2.6115, 2.53844, 2.46301, 2.38516, 2.30481, 2.22189, 2.13632, 2.04803, 1.95695, 1.863, 1.76608, 1.66613, 1.56306, 1.45678, 1.3472, 1.23423, 
4.57061, 4.57034, 4.56979, 4.56898, 4.56789, 4.56653, 4.56489, 4.56297, 4.56078, 4.55829, 4.55553, 4.55247, 4.54912, 4.54546, 4.54151, 4.53725, 4.53268, 4.52778, 4.52257, 4.51702, 4.51113, 4.5049, 4.49831, 4.49136, 4.48404, 4.47635, 4.46826, 4.45977, 4.45088, 4.44157, 4.43182, 4.42163, 4.41099, 4.39988, 4.38828, 4.37619, 4.36359, 4.35046, 4.33679, 4.32257, 4.30777, 4.29237, 4.27637, 4.25974, 4.24246, 4.22451, 4.20587, 4.18652, 4.16643, 4.14559, 4.12397, 4.10154, 4.07829, 4.05417, 4.02918, 4.00327, 3.97642, 3.9486, 3.91978, 3.88993, 3.85901, 3.82699, 3.79384, 3.75953, 3.724, 3.68724, 3.64919, 3.60982, 3.56909, 3.52696, 3.48338, 3.4383, 3.39169, 3.3435, 3.29367, 3.24215, 3.18891, 3.13387, 3.077, 3.01823, 2.95751, 2.89478, 2.82998, 2.76305, 2.69393, 2.62255, 2.54884, 2.47274, 2.39419, 2.3131, 2.22941, 2.14304, 2.05391, 1.96195, 1.86708, 1.76921, 1.66826, 1.56415, 1.45678, 1.34607, 
4.59637, 4.59611, 4.59559, 4.59481, 4.59376, 4.59246, 4.59088, 4.58904, 4.58693, 4.58455, 4.58189, 4.57896, 4.57574, 4.57223, 4.56844, 4.56434, 4.55995, 4.55525, 4.55023, 4.5449, 4.53924, 4.53325, 4.52692, 4.52023, 4.51319, 4.50579, 4.49801, 4.48984, 4.48128, 4.47231, 4.46293, 4.45311, 4.44286, 4.43215, 4.42097, 4.40931, 4.39716, 4.3845, 4.37131, 4.35758, 4.34329, 4.32843, 4.31297, 4.2969, 4.2802, 4.26285, 4.24483, 4.22611, 4.20668, 4.18652, 4.16559, 4.14387, 4.12135, 4.09799, 4.07377, 4.04866, 4.02262, 3.99564, 3.96769, 3.93872, 3.90871, 3.87763, 3.84543, 3.8121, 3.77758, 3.74185, 3.70486, 3.66657, 3.62695, 3.58596, 3.54354, 3.49966, 3.45427, 3.40733, 3.35878, 3.30858, 3.25668, 3.20302, 3.14755, 3.09022, 3.03098, 2.96975, 2.90649, 2.84114, 2.77362, 2.70389, 2.63186, 2.55749, 2.48069, 2.40139, 2.31954, 2.23504, 2.14783, 2.05782, 1.96495, 1.86911, 1.77025, 1.66826, 1.56306, 1.45457, 
4.62083, 4.62058, 4.62008, 4.61933, 4.61833, 4.61708, 4.61557, 4.6138, 4.61178, 4.60949, 4.60694, 4.60412, 4.60103, 4.59767, 4.59402, 4.59009, 4.58587, 4.58136, 4.57654, 4.57142, 4.56598, 4.56022, 4.55414, 4.54771, 4.54094, 4.53382, 4.52634, 4.51848, 4.51024, 4.50161, 4.49257, 4.48312, 4.47324, 4.46293, 4.45216, 4.44092, 4.4292, 4.41699, 4.40427, 4.39102, 4.37723, 4.36288, 4.34796, 4.33244, 4.3163, 4.29953, 4.28211, 4.26401, 4.24522, 4.22571, 4.20546, 4.18444, 4.16263, 4.14, 4.11654, 4.0922, 4.06696, 4.0408, 4.01368, 3.98558, 3.95646, 3.92628, 3.89502, 3.86264, 3.82911, 3.79438, 3.75842, 3.7212, 3.68266, 3.64278, 3.6015, 3.55879, 3.51459, 3.46887, 3.42158, 3.37266, 3.32207, 3.26975, 3.21566, 3.15974, 3.10193, 3.04218, 2.98042, 2.91661, 2.85067, 2.78254, 2.71216, 2.63947, 2.56439, 2.48685, 2.40679, 2.32413, 2.23879, 2.1507, 2.05978, 1.96594, 1.86911, 1.76921, 1.66613, 1.55981, 
4.64404, 4.6438, 4.64332, 4.64261, 4.64165, 4.64044, 4.639, 4.6373, 4.63536, 4.63317, 4.63072, 4.62802, 4.62506, 4.62183, 4.61833, 4.61456, 4.61051, 4.60617, 4.60155, 4.59663, 4.59141, 4.58587, 4.58003, 4.57385, 4.56735, 4.5605, 4.5533, 4.54574, 4.53782, 4.52951, 4.52082, 4.51172, 4.50221, 4.49227, 4.48189, 4.47107, 4.45977, 4.448, 4.43573, 4.42295, 4.40965, 4.3958, 4.38139, 4.3664, 4.35082, 4.33462, 4.31778, 4.30028, 4.28211, 4.26324, 4.24364, 4.2233, 4.20218, 4.18027, 4.15754, 4.13396, 4.1095, 4.08414, 4.05784, 4.03057, 4.00231, 3.97303, 3.94268, 3.91123, 3.87865, 3.84491, 3.80996, 3.77376, 3.73629, 3.69748, 3.65732, 3.61574, 3.57272, 3.52819, 3.48212, 3.43445, 3.38514, 3.33414, 3.28139, 3.22684, 3.17044, 3.11213, 3.05185, 2.98954, 2.92514, 2.85859, 2.78982, 2.71877, 2.64537, 2.56956, 2.49125, 2.41038, 2.32688, 2.24066, 2.15166, 2.05978, 1.96495, 1.86708, 1.76608, 1.66188, 
4.66606, 4.66583, 4.66537, 4.66468, 4.66376, 4.66261, 4.66122, 4.6596, 4.65774, 4.65564, 4.65329, 4.6507, 4.64786, 4.64476, 4.6414, 4.63779, 4.6339, 4.62974, 4.6253, 4.62058, 4.61557, 4.61025, 4.60464, 4.59871, 4.59245, 4.58587, 4.57896, 4.57169, 4.56407, 4.55608, 4.54771, 4.53896, 4.5298, 4.52023, 4.51024, 4.49981, 4.48893, 4.47758, 4.46575, 4.45343, 4.44059, 4.42723, 4.41333, 4.39886, 4.38381, 4.36816, 4.35189, 4.33498, 4.31741, 4.29916, 4.2802, 4.26051, 4.24008, 4.21886, 4.19684, 4.174, 4.1503, 4.12571, 4.10021, 4.07377, 4.04635, 4.01792, 3.98846, 3.95792, 3.92628, 3.89349, 3.85952, 3.82434, 3.78789, 3.75015, 3.71107, 3.6706, 3.62872, 3.58536, 3.54048, 3.49404, 3.44598, 3.39626, 3.34482, 3.29162, 3.23659, 3.17969, 3.12084, 3.06001, 2.99711, 2.9321, 2.86491, 2.79547, 2.72372, 2.64959, 2.573, 2.49389, 2.41218, 2.3278, 2.24066, 2.1507, 2.05782, 1.96195, 1.863, 1.76088, 
4.68693, 4.68671, 4.68627, 4.68561, 4.68473, 4.68362, 4.6823, 4.68074, 4.67896, 4.67694, 4.6747, 4.67221, 4.66949, 4.66652, 4.6633, 4.65983, 4.6561, 4.65211, 4.64786, 4.64332, 4.63851, 4.63341, 4.62802, 4.62232, 4.61632, 4.61, 4.60335, 4.59637, 4.58904, 4.58136, 4.57331, 4.56489, 4.55608, 4.54687, 4.53725, 4.5272, 4.51672, 4.50579, 4.49439, 4.48251, 4.47013, 4.45724, 4.44382, 4.42986, 4.41533, 4.40021, 4.38449, 4.36815, 4.35117, 4.33352, 4.31519, 4.29614, 4.27637, 4.25583, 4.23451, 4.21238, 4.18941, 4.16558, 4.14086, 4.11522, 4.08862, 4.06104, 4.03244, 4.00279, 3.97205, 3.9402, 3.90719, 3.87299, 3.83755, 3.80084, 3.76282, 3.72344, 3.68266, 3.64044, 3.59673, 3.55148, 3.50465, 3.45618, 3.40603, 3.35413, 3.30045, 3.24492, 3.18748, 3.12809, 3.06667, 3.00316, 2.93751, 2.86964, 2.7995, 2.72701, 2.65211, 2.57472, 2.49477, 2.41218, 2.32688, 2.23879, 2.14783, 2.05391, 1.95695, 1.85687, 
4.7067, 4.70649, 4.70607, 4.70544, 4.70459, 4.70354, 4.70226, 4.70077, 4.69907, 4.69714, 4.69498, 4.6926, 4.68999, 4.68715, 4.68407, 4.68074, 4.67717, 4.67334, 4.66926, 4.66491, 4.66029, 4.6554, 4.65023, 4.64476, 4.63899, 4.63292, 4.62654, 4.61983, 4.61279, 4.6054, 4.59767, 4.58957, 4.58109, 4.57223, 4.56297, 4.5533, 4.54321, 4.53267, 4.52169, 4.51024, 4.49831, 4.48588, 4.47293, 4.45945, 4.44543, 4.43084, 4.41566, 4.39987, 4.38346, 4.3664, 4.34867, 4.33025, 4.31111, 4.29123, 4.27059, 4.24916, 4.22691, 4.20382, 4.17985, 4.15499, 4.12919, 4.10242, 4.07467, 4.04588, 4.01604, 3.98509, 3.95302, 3.91977, 3.88532, 3.84962, 3.81262, 3.7743, 3.73461, 3.6935, 3.65093, 3.60685, 3.56121, 3.51397, 3.46507, 3.41446, 3.36209, 3.3079, 3.25184, 3.19385, 3.13387, 3.07183, 3.00769, 2.94136, 2.8728, 2.80192, 2.72866, 2.65295, 2.57472, 2.49389, 2.41038, 2.32413, 2.23504, 2.14304, 2.04803, 1.94995, 
4.72542, 4.72522, 4.72482, 4.72421, 4.7234, 4.72239, 4.72117, 4.71975, 4.71811, 4.71627, 4.71421, 4.71193, 4.70943, 4.7067, 4.70375, 4.70056, 4.69714, 4.69347, 4.68956, 4.68539, 4.68096, 4.67627, 4.6713, 4.66606, 4.66053, 4.6547, 4.64857, 4.64212, 4.63536, 4.62826, 4.62083, 4.61304, 4.60489, 4.59637, 4.58746, 4.57815, 4.56843, 4.55829, 4.54771, 4.53668, 4.52518, 4.51319, 4.50071, 4.48771, 4.47417, 4.46009, 4.44543, 4.43018, 4.41432, 4.39784, 4.38069, 4.36288, 4.34436, 4.32513, 4.30515, 4.2844, 4.26284, 4.24047, 4.21724, 4.19313, 4.16811, 4.14215, 4.11521, 4.08727, 4.05829, 4.02824, 3.99707, 3.96476, 3.93126, 3.89654, 3.86056, 3.82327, 3.78464, 3.74461, 3.70315, 3.66021, 3.61574, 3.56969, 3.52201, 3.47266, 3.42157, 3.3687, 3.31398, 3.25736, 3.19879, 3.13819, 3.07552, 3.0107, 2.94367, 2.87437, 2.80272, 2.72866, 2.65211, 2.573, 2.49125, 2.40679, 2.31954, 2.22941, 2.13632, 2.04019, 
4.74314, 4.74294, 4.74256, 4.74198, 4.74121, 4.74024, 4.73907, 4.73771, 4.73614, 4.73438, 4.7324, 4.73022, 4.72783, 4.72522, 4.72239, 4.71934, 4.71606, 4.71255, 4.7088, 4.7048, 4.70056, 4.69606, 4.6913, 4.68627, 4.68096, 4.67537, 4.66949, 4.6633, 4.6568, 4.64999, 4.64284, 4.63536, 4.62752, 4.61933, 4.61076, 4.6018, 4.59245, 4.58269, 4.5725, 4.56187, 4.55079, 4.53924, 4.5272, 4.51466, 4.50161, 4.48801, 4.47386, 4.45914, 4.44382, 4.42789, 4.41132, 4.39409, 4.37618, 4.35757, 4.33823, 4.31814, 4.29727, 4.27559, 4.25309, 4.22971, 4.20545, 4.18027, 4.15413, 4.12701, 4.09887, 4.06968, 4.03941, 4.008, 3.97544, 3.94168, 3.90668, 3.8704, 3.8328, 3.79383, 3.75346, 3.71163, 3.6683, 3.62341, 3.57693, 3.5288, 3.47896, 3.42737, 3.37397, 3.3187, 3.2615, 3.20231, 3.14107, 3.07773, 3.01221, 2.94444, 2.87437, 2.80192, 2.72701, 2.64959, 2.56956, 2.48685, 2.40139, 2.3131, 2.22189, 2.12767, 
4.75989, 4.7597, 4.75934, 4.75878, 4.75804, 4.75712, 4.756, 4.7547, 4.7532, 4.75151, 4.74962, 4.74754, 4.74525, 4.74275, 4.74004, 4.73712, 4.73398, 4.73062, 4.72703, 4.7232, 4.71914, 4.71482, 4.71026, 4.70544, 4.70035, 4.69498, 4.68934, 4.6834, 4.67717, 4.67062, 4.66376, 4.65657, 4.64904, 4.64116, 4.63292, 4.62431, 4.61531, 4.60591, 4.59611, 4.58587, 4.5752, 4.56406, 4.55246, 4.54037, 4.52778, 4.51466, 4.50101, 4.48679, 4.472, 4.4566, 4.44059, 4.42394, 4.40662, 4.38862, 4.3699, 4.35045, 4.33024, 4.30925, 4.28744, 4.26478, 4.24126, 4.21684, 4.19148, 4.16516, 4.13784, 4.10949, 4.08008, 4.04957, 4.01792, 3.98509, 3.95105, 3.91575, 3.87916, 3.84123, 3.80191, 3.76116, 3.71894, 3.6752, 3.62989, 3.58295, 3.53434, 3.484, 3.43188, 3.37792, 3.32206, 3.26425, 3.20442, 3.14251, 3.07847, 3.01221, 2.94367, 2.8728, 2.7995, 2.72372, 2.64537, 2.56439, 2.48069, 2.39419, 2.30481, 2.21247, 
4.77572, 4.77554, 4.77519, 4.77466, 4.77396, 4.77307, 4.77201, 4.77076, 4.76933, 4.76771, 4.76591, 4.76391, 4.76172, 4.75934, 4.75675, 4.75395, 4.75095, 4.74773, 4.74429, 4.74063, 4.73673, 4.7326, 4.72823, 4.72361, 4.71873, 4.71358, 4.70817, 4.70247, 4.69649, 4.69021, 4.68362, 4.67672, 4.66948, 4.66191, 4.65399, 4.64571, 4.63706, 4.62802, 4.61858, 4.60872, 4.59844, 4.58772, 4.57654, 4.56488, 4.55274, 4.54009, 4.52691, 4.51319, 4.4989, 4.48404, 4.46857, 4.45247, 4.43573, 4.41831, 4.40021, 4.38138, 4.36182, 4.34148, 4.32035, 4.2984, 4.27559, 4.25191, 4.22731, 4.20177, 4.17525, 4.14772, 4.11916, 4.08951, 4.05875, 4.02683, 3.99372, 3.95939, 3.92377, 3.88685, 3.84857, 3.80888, 3.76774, 3.72511, 3.68094, 3.63517, 3.58775, 3.53863, 3.48777, 3.43509, 3.38054, 3.32408, 3.26562, 3.20512, 3.14251, 3.07773, 3.0107, 2.94136, 2.86964, 2.79547, 2.71877, 2.63947, 2.55749, 2.47274, 2.38516, 2.29465, 
4.79067, 4.7905, 4.79017, 4.78966, 4.78899, 4.78814, 4.78713, 4.78593, 4.78457, 4.78302, 4.7813, 4.77939, 4.7773, 4.77501, 4.77254, 4.76987, 4.76699, 4.76391, 4.76062, 4.75712, 4.75339, 4.74943, 4.74525, 4.74082, 4.73614, 4.73121, 4.72602, 4.72056, 4.71482, 4.7088, 4.70247, 4.69584, 4.6889, 4.68163, 4.67402, 4.66606, 4.65773, 4.64904, 4.63996, 4.63047, 4.62058, 4.61025, 4.59948, 4.58825, 4.57654, 4.56434, 4.55162, 4.53838, 4.52459, 4.51023, 4.49529, 4.47973, 4.46355, 4.44671, 4.4292, 4.41098, 4.39204, 4.37235, 4.35188, 4.33061, 4.3085, 4.28553, 4.26167, 4.23689, 4.21116, 4.18443, 4.15668, 4.12788, 4.09798, 4.06695, 4.03476, 4.00136, 3.9667, 3.93076, 3.89349, 3.85483, 3.81476, 3.77321, 3.73015, 3.68551, 3.63926, 3.59134, 3.5417, 3.49027, 3.43701, 3.38186, 3.32475, 3.26562, 3.20442, 3.14107, 3.07552, 3.00769, 2.93751, 2.86491, 2.78982, 2.71216, 2.63186, 2.54884, 2.46301, 2.3743, 
4.80478, 4.80462, 4.8043, 4.80382, 4.80318, 4.80237, 4.8014, 4.80026, 4.79896, 4.79748, 4.79583, 4.79401, 4.79201, 4.78983, 4.78746, 4.78491, 4.78216, 4.77922, 4.77607, 4.77272, 4.76915, 4.76536, 4.76136, 4.75712, 4.75264, 4.74792, 4.74294, 4.73771, 4.7322, 4.72642, 4.72036, 4.714, 4.70733, 4.70035, 4.69304, 4.68539, 4.67739, 4.66903, 4.66029, 4.65117, 4.64164, 4.6317, 4.62132, 4.6105, 4.59922, 4.58745, 4.57519, 4.56242, 4.54911, 4.53525, 4.52081, 4.50578, 4.49014, 4.47386, 4.45692, 4.43929, 4.42096, 4.4019, 4.38207, 4.36146, 4.34004, 4.31777, 4.29463, 4.27059, 4.24561, 4.21966, 4.19272, 4.16473, 4.13568, 4.10552, 4.07421, 4.04172, 4.008, 3.97302, 3.93673, 3.89908, 3.86004, 3.81955, 3.77757, 3.73405, 3.68894, 3.64219, 3.59374, 3.54353, 3.49153, 3.43765, 3.38186, 3.32408, 3.26425, 3.20231, 3.13819, 3.07183, 3.00316, 2.9321, 2.85859, 2.78254, 2.70389, 2.62255, 2.53844, 2.45148, 
4.81809, 4.81794, 4.81764, 4.81718, 4.81656, 4.81579, 4.81486, 4.81378, 4.81253, 4.81113, 4.80955, 4.80781, 4.8059, 4.80382, 4.80156, 4.79912, 4.79649, 4.79368, 4.79067, 4.78746, 4.78405, 4.78043, 4.7766, 4.77254, 4.76825, 4.76373, 4.75896, 4.75395, 4.74868, 4.74313, 4.73732, 4.73121, 4.72482, 4.71811, 4.71109, 4.70374, 4.69606, 4.68802, 4.67962, 4.67085, 4.66168, 4.65211, 4.64212, 4.6317, 4.62082, 4.60948, 4.59766, 4.58534, 4.5725, 4.55911, 4.54518, 4.53066, 4.51554, 4.4998, 4.48342, 4.46637, 4.44863, 4.43018, 4.41098, 4.39101, 4.37025, 4.34866, 4.32622, 4.3029, 4.27866, 4.25347, 4.22731, 4.20012, 4.17189, 4.14258, 4.11213, 4.08053, 4.04772, 4.01367, 3.97834, 3.94168, 3.90364, 3.86419, 3.82327, 3.78083, 3.73683, 3.69122, 3.64394, 3.59493, 3.54415, 3.49153, 3.43701, 3.38054, 3.32206, 3.2615, 3.19879, 3.13387, 3.06667, 2.99711, 2.92514, 2.85067, 2.77362, 2.69393, 2.6115, 2.52626, 
4.83064, 4.83049, 4.8302, 4.82976, 4.82918, 4.82844, 4.82756, 4.82652, 4.82534, 4.82399, 4.82249, 4.82083, 4.81901, 4.81702, 4.81486, 4.81253, 4.81003, 4.80734, 4.80446, 4.8014, 4.79814, 4.79467, 4.79101, 4.78712, 4.78302, 4.77869, 4.77413, 4.76933, 4.76428, 4.75896, 4.75339, 4.74754, 4.7414, 4.73496, 4.72823, 4.72117, 4.71379, 4.70607, 4.69799, 4.68955, 4.68074, 4.67153, 4.66191, 4.65187, 4.6414, 4.63047, 4.61907, 4.60719, 4.5948, 4.58189, 4.56843, 4.55441, 4.5398, 4.52459, 4.50875, 4.49226, 4.4751, 4.45723, 4.43864, 4.41931, 4.39919, 4.37826, 4.3565, 4.33388, 4.31036, 4.28591, 4.26051, 4.2341, 4.20667, 4.17818, 4.14858, 4.11784, 4.08592, 4.05278, 4.01839, 3.98268, 3.94563, 3.90718, 3.8673, 3.82592, 3.78301, 3.7385, 3.69236, 3.64452, 3.59493, 3.54353, 3.49027, 3.43509, 3.37792, 3.3187, 3.25736, 3.19385, 3.12809, 3.06001, 2.98954, 2.91661, 2.84114, 2.76305, 2.68227, 2.59872, 
4.84246, 4.84232, 4.84204, 4.84162, 4.84106, 4.84036, 4.83952, 4.83853, 4.8374, 4.83612, 4.83469, 4.83311, 4.83137, 4.82947, 4.82741, 4.82519, 4.82279, 4.82023, 4.81748, 4.81455, 4.81144, 4.80813, 4.80462, 4.80091, 4.79699, 4.79285, 4.78848, 4.78388, 4.77904, 4.77395, 4.76861, 4.763, 4.75711, 4.75094, 4.74448, 4.73771, 4.73062, 4.7232, 4.71544, 4.70733, 4.69885, 4.68999, 4.68074, 4.67107, 4.66098, 4.65046, 4.63947, 4.62801, 4.61606, 4.6036, 4.59061, 4.57707, 4.56296, 4.54827, 4.53295, 4.51701, 4.5004, 4.48311, 4.46512, 4.44639, 4.4269, 4.40662, 4.38552, 4.36358, 4.34076, 4.31703, 4.29236, 4.26672, 4.24007, 4.21237, 4.1836, 4.1537, 4.12265, 4.0904, 4.05691, 4.02214, 3.98605, 3.94859, 3.90971, 3.86936, 3.82751, 3.78409, 3.73906, 3.69236, 3.64394, 3.59374, 3.5417, 3.48777, 3.43188, 3.37397, 3.31398, 3.25184, 3.18748, 3.12084, 3.05185, 2.98042, 2.90649, 2.82998, 2.75081, 2.6689, 
4.85358, 4.85345, 4.85318, 4.85278, 4.85225, 4.85158, 4.85078, 4.84984, 4.84876, 4.84754, 4.84618, 4.84467, 4.84301, 4.8412, 4.83924, 4.83712, 4.83483, 4.83238, 4.82976, 4.82697, 4.82399, 4.82083, 4.81748, 4.81393, 4.81018, 4.80622, 4.80204, 4.79764, 4.79301, 4.78814, 4.78302, 4.77765, 4.772, 4.76609, 4.75988, 4.75339, 4.74658, 4.73946, 4.732, 4.72421, 4.71606, 4.70754, 4.69863, 4.68933, 4.67962, 4.66948, 4.6589, 4.64785, 4.63633, 4.6243, 4.61177, 4.5987, 4.58507, 4.57087, 4.55607, 4.54065, 4.52459, 4.50786, 4.49044, 4.4723, 4.45342, 4.43377, 4.41332, 4.39204, 4.3699, 4.34687, 4.32292, 4.29802, 4.27213, 4.24521, 4.21724, 4.18816, 4.15795, 4.12657, 4.09397, 4.06011, 4.02496, 3.98845, 3.95055, 3.91122, 3.8704, 3.82804, 3.78409, 3.7385, 3.69122, 3.64219, 3.59134, 3.53863, 3.484, 3.42737, 3.3687, 3.3079, 3.24492, 3.17969, 3.11213, 3.04218, 2.96975, 2.89478, 2.81719, 2.73689, 
4.86404, 4.86391, 4.86366, 4.86328, 4.86278, 4.86214, 4.86138, 4.86048, 4.85945, 4.85829, 4.85699, 4.85555, 4.85398, 4.85225, 4.85038, 4.84836, 4.84618, 4.84384, 4.84134, 4.83867, 4.83583, 4.83282, 4.82962, 4.82623, 4.82264, 4.81886, 4.81486, 4.81065, 4.80622, 4.80156, 4.79666, 4.79151, 4.7861, 4.78043, 4.77448, 4.76825, 4.76172, 4.75488, 4.74772, 4.74023, 4.7324, 4.72421, 4.71564, 4.7067, 4.69735, 4.68758, 4.67739, 4.66674, 4.65563, 4.64404, 4.63194, 4.61932, 4.60617, 4.59245, 4.57814, 4.56324, 4.5477, 4.53152, 4.51466, 4.49709, 4.47881, 4.45976, 4.43994, 4.4193, 4.39783, 4.37548, 4.35223, 4.32805, 4.3029, 4.27674, 4.24955, 4.22127, 4.19189, 4.16135, 4.12961, 4.09664, 4.0624, 4.02683, 3.98989, 3.95154, 3.91172, 3.8704, 3.82751, 3.78301, 3.73683, 3.68894, 3.63926, 3.58775, 3.53434, 3.47896, 3.42157, 3.36209, 3.30045, 3.23659, 3.17044, 3.10193, 3.03098, 2.95751, 2.88146, 2.80273, 
4.87387, 4.87375, 4.87351, 4.87315, 4.87267, 4.87206, 4.87134, 4.87048, 4.86951, 4.8684, 4.86716, 4.86579, 4.86429, 4.86265, 4.86087, 4.85894, 4.85686, 4.85463, 4.85225, 4.84971, 4.847, 4.84412, 4.84106, 4.83783, 4.8344, 4.83078, 4.82697, 4.82294, 4.8187, 4.81424, 4.80955, 4.80462, 4.79944, 4.79401, 4.78831, 4.78233, 4.77607, 4.76951, 4.76263, 4.75544, 4.74791, 4.74004, 4.73181, 4.7232, 4.7142, 4.7048, 4.69498, 4.68472, 4.67401, 4.66283, 4.65116, 4.63899, 4.62628, 4.61303, 4.59921, 4.58481, 4.56978, 4.55413, 4.53781, 4.52081, 4.50309, 4.48464, 4.46543, 4.44542, 4.42459, 4.40291, 4.38034, 4.35686, 4.33242, 4.30701, 4.28057, 4.25308, 4.22449, 4.19478, 4.16389, 4.13178, 4.09842, 4.06377, 4.02776, 3.99037, 3.95154, 3.91122, 3.86936, 3.82592, 3.78083, 3.73405, 3.68551, 3.63517, 3.58295, 3.5288, 3.47266, 3.41446, 3.35413, 3.29162, 3.22684, 3.15974, 3.09022, 3.01823, 2.94368, 2.8665, 
4.8831, 4.88299, 4.88276, 4.88242, 4.88196, 4.88138, 4.88069, 4.87988, 4.87895, 4.8779, 4.87672, 4.87542, 4.87399, 4.87243, 4.87073, 4.86889, 4.86691, 4.86479, 4.86252, 4.8601, 4.85751, 4.85477, 4.85185, 4.84876, 4.84549, 4.84204, 4.83839, 4.83455, 4.83049, 4.82623, 4.82174, 4.81702, 4.81206, 4.80686, 4.8014, 4.79567, 4.78966, 4.78336, 4.77677, 4.76986, 4.76263, 4.75507, 4.74715, 4.73887, 4.73022, 4.72117, 4.71171, 4.70183, 4.69151, 4.68073, 4.66948, 4.65773, 4.64547, 4.63267, 4.61932, 4.6054, 4.59087, 4.57573, 4.55994, 4.54348, 4.52633, 4.50845, 4.48983, 4.47043, 4.45023, 4.42919, 4.40729, 4.38448, 4.36075, 4.33606, 4.31036, 4.28363, 4.25582, 4.2269, 4.19683, 4.16558, 4.13308, 4.09931, 4.06422, 4.02776, 3.98989, 3.95055, 3.90971, 3.8673, 3.82327, 3.77757, 3.73015, 3.68094, 3.62989, 3.57693, 3.52201, 3.46507, 3.40603, 3.34482, 3.28139, 3.21566, 3.14755, 3.077, 3.00392, 2.92824, 
4.89176, 4.89165, 4.89144, 4.89111, 4.89068, 4.89013, 4.88947, 4.8887, 4.88782, 4.88682, 4.8857, 4.88446, 4.8831, 4.88161, 4.88, 4.87825, 4.87637, 4.87435, 4.87218, 4.86987, 4.86741, 4.86479, 4.86201, 4.85907, 4.85595, 4.85265, 4.84917, 4.84549, 4.84162, 4.83754, 4.83325, 4.82874, 4.82399, 4.81901, 4.81378, 4.80829, 4.80253, 4.79649, 4.79016, 4.78353, 4.77659, 4.76933, 4.76172, 4.75376, 4.74543, 4.73673, 4.72762, 4.71811, 4.70816, 4.69777, 4.68692, 4.67559, 4.66375, 4.6514, 4.6385, 4.62505, 4.61101, 4.59636, 4.58108, 4.56515, 4.54854, 4.53123, 4.51318, 4.49438, 4.47478, 4.45437, 4.43311, 4.41098, 4.38792, 4.36393, 4.33895, 4.31296, 4.28591, 4.25777, 4.22851, 4.19807, 4.16642, 4.13351, 4.09931, 4.06377, 4.02683, 3.98845, 3.94859, 3.90718, 3.86419, 3.81955, 3.77321, 3.72511, 3.6752, 3.62341, 3.56969, 3.51397, 3.45618, 3.39626, 3.33414, 3.26975, 3.20302, 3.13387, 3.06223, 2.98803, 
4.89988, 4.89978, 4.89957, 4.89926, 4.89885, 4.89833, 4.89771, 4.89698, 4.89614, 4.89519, 4.89412, 4.89295, 4.89165, 4.89024, 4.8887, 4.88704, 4.88525, 4.88333, 4.88127, 4.87907, 4.87672, 4.87423, 4.87158, 4.86877, 4.86579, 4.86265, 4.85932, 4.85582, 4.85212, 4.84822, 4.84412, 4.8398, 4.83526, 4.83049, 4.82548, 4.82022, 4.81471, 4.80892, 4.80285, 4.79649, 4.78983, 4.78285, 4.77554, 4.76789, 4.75988, 4.75151, 4.74274, 4.73358, 4.724, 4.71399, 4.70353, 4.6926, 4.68118, 4.66925, 4.6568, 4.64379, 4.63022, 4.61606, 4.60128, 4.58586, 4.56978, 4.55301, 4.53553, 4.5173, 4.4983, 4.4785, 4.45786, 4.43637, 4.41398, 4.39067, 4.36639, 4.34112, 4.31481, 4.28743, 4.25894, 4.22931, 4.19848, 4.16642, 4.13308, 4.09842, 4.0624, 4.02496, 3.98605, 3.94563, 3.90364, 3.86004, 3.81476, 3.76774, 3.71894, 3.6683, 3.61574, 3.56121, 3.50465, 3.44598, 3.38514, 3.32207, 3.25668, 3.18891, 3.11867, 3.04591, 
4.90749, 4.90739, 4.90719, 4.9069, 4.90651, 4.90602, 4.90543, 4.90473, 4.90393, 4.90303, 4.90202, 4.9009, 4.89968, 4.89833, 4.89687, 4.89529, 4.89359, 4.89176, 4.8898, 4.88771, 4.88547, 4.8831, 4.88057, 4.8779, 4.87506, 4.87206, 4.86889, 4.86554, 4.86201, 4.85829, 4.85437, 4.85024, 4.8459, 4.84134, 4.83655, 4.83151, 4.82622, 4.82068, 4.81486, 4.80876, 4.80237, 4.79566, 4.78864, 4.78129, 4.7736, 4.76554, 4.75711, 4.74829, 4.73907, 4.72942, 4.71933, 4.70879, 4.69777, 4.68626, 4.67424, 4.66168, 4.64856, 4.63487, 4.62057, 4.60565, 4.59008, 4.57384, 4.5569, 4.53923, 4.52081, 4.5016, 4.48158, 4.46071, 4.43897, 4.41631, 4.39272, 4.36814, 4.34256, 4.31592, 4.28819, 4.25933, 4.22931, 4.19807, 4.16558, 4.13178, 4.09664, 4.06011, 4.02214, 3.98268, 3.94168, 3.89908, 3.85483, 3.80888, 3.76116, 3.71163, 3.66021, 3.60685, 3.55148, 3.49404, 3.43445, 3.37266, 3.30858, 3.24215, 3.1733, 3.10193, 
4.91461, 4.91451, 4.91433, 4.91405, 4.91368, 4.91321, 4.91265, 4.91199, 4.91124, 4.91038, 4.90942, 4.90836, 4.90719, 4.90592, 4.90453, 4.90303, 4.90141, 4.89967, 4.89781, 4.89582, 4.8937, 4.89144, 4.88903, 4.88648, 4.88378, 4.88092, 4.8779, 4.8747, 4.87133, 4.86778, 4.86404, 4.86009, 4.85595, 4.85158, 4.847, 4.84218, 4.83711, 4.8318, 4.82622, 4.82037, 4.81424, 4.80781, 4.80107, 4.79401, 4.78661, 4.77886, 4.77075, 4.76227, 4.75338, 4.74409, 4.73437, 4.72421, 4.71358, 4.70247, 4.69086, 4.67872, 4.66605, 4.65281, 4.63899, 4.62455, 4.60948, 4.59375, 4.57734, 4.56021, 4.54235, 4.52372, 4.50429, 4.48403, 4.46291, 4.44091, 4.41797, 4.39408, 4.3692, 4.34328, 4.31629, 4.28819, 4.25894, 4.22851, 4.19683, 4.16389, 4.12961, 4.09397, 4.05691, 4.01839, 3.97834, 3.93673, 3.89349, 3.84857, 3.80191, 3.75346, 3.70315, 3.65093, 3.59673, 3.54048, 3.48212, 3.42158, 3.35878, 3.29367, 3.22615, 3.15616, 
4.92126, 4.92118, 4.921, 4.92074, 4.92038, 4.91994, 4.91941, 4.91879, 4.91807, 4.91726, 4.91635, 4.91534, 4.91424, 4.91303, 4.91171, 4.91028, 4.90875, 4.9071, 4.90533, 4.90343, 4.90141, 4.89926, 4.89698, 4.89455, 4.89198, 4.88925, 4.88637, 4.88333, 4.88011, 4.87672, 4.87315, 4.86938, 4.86542, 4.86125, 4.85686, 4.85225, 4.8474, 4.84231, 4.83697, 4.83136, 4.82548, 4.81931, 4.81284, 4.80606, 4.79895, 4.7915, 4.7837, 4.77554, 4.76699, 4.75804, 4.74867, 4.73887, 4.72862, 4.7179, 4.70669, 4.69498, 4.68273, 4.66993, 4.65656, 4.6426, 4.62801, 4.61278, 4.59688, 4.58028, 4.56296, 4.54489, 4.52604, 4.50637, 4.48587, 4.46449, 4.4422, 4.41897, 4.39476, 4.36955, 4.34328, 4.31592, 4.28743, 4.25777, 4.2269, 4.19478, 4.16135, 4.12657, 4.0904, 4.05278, 4.01367, 3.97302, 3.93076, 3.88685, 3.84123, 3.79383, 3.74461, 3.6935, 3.64044, 3.58536, 3.52819, 3.46887, 3.40733, 3.3435, 3.27729, 3.20865, 
4.92748, 4.9274, 4.92723, 4.92698, 4.92665, 4.92623, 4.92573, 4.92514, 4.92446, 4.92369, 4.92283, 4.92187, 4.92082, 4.91968, 4.91843, 4.91708, 4.91562, 4.91405, 4.91237, 4.91057, 4.90865, 4.90661, 4.90443, 4.90212, 4.89967, 4.89708, 4.89434, 4.89143, 4.88837, 4.88514, 4.88173, 4.87813, 4.87435, 4.87036, 4.86617, 4.86176, 4.85712, 4.85225, 4.84713, 4.84176, 4.83612, 4.8302, 4.82399, 4.81748, 4.81065, 4.80349, 4.79599, 4.78814, 4.77991, 4.77129, 4.76227, 4.75282, 4.74294, 4.73259, 4.72178, 4.71046, 4.69863, 4.68626, 4.67333, 4.65982, 4.6457, 4.63096, 4.61555, 4.59947, 4.58268, 4.56515, 4.54686, 4.52777, 4.50786, 4.48709, 4.46543, 4.44284, 4.4193, 4.39476, 4.3692, 4.34256, 4.31481, 4.28591, 4.25582, 4.22449, 4.19189, 4.15795, 4.12265, 4.08592, 4.04772, 4.008, 3.9667, 3.92377, 3.87916, 3.8328, 3.78464, 3.73461, 3.68266, 3.62872, 3.57272, 3.51459, 3.45427, 3.39169, 3.32677, 3.25944, 
4.93329, 4.93321, 4.93305, 4.93281, 4.9325, 4.9321, 4.93163, 4.93107, 4.93042, 4.9297, 4.92888, 4.92798, 4.92698, 4.9259, 4.92471, 4.92343, 4.92205, 4.92056, 4.91896, 4.91726, 4.91543, 4.91349, 4.91142, 4.90923, 4.9069, 4.90443, 4.90182, 4.89906, 4.89614, 4.89305, 4.8898, 4.88637, 4.88276, 4.87895, 4.87494, 4.87073, 4.86629, 4.86163, 4.85673, 4.85158, 4.84618, 4.8405, 4.83454, 4.82829, 4.82174, 4.81486, 4.80765, 4.80009, 4.79217, 4.78388, 4.77518, 4.76608, 4.75655, 4.74658, 4.73614, 4.72521, 4.71378, 4.70183, 4.68933, 4.67626, 4.6626, 4.64832, 4.6334, 4.61782, 4.60154, 4.58454, 4.56679, 4.54826, 4.52892, 4.50875, 4.4877, 4.46574, 4.44284, 4.41897, 4.39408, 4.36814, 4.34112, 4.31296, 4.28363, 4.25308, 4.22127, 4.18816, 4.1537, 4.11784, 4.08053, 4.04172, 4.00136, 3.95939, 3.91575, 3.8704, 3.82327, 3.7743, 3.72344, 3.6706, 3.61574, 3.55879, 3.49966, 3.4383, 3.37464, 3.30859, 
4.9387, 4.93862, 4.93848, 4.93825, 4.93795, 4.93758, 4.93713, 4.9366, 4.93599, 4.9353, 4.93453, 4.93368, 4.93274, 4.93171, 4.93058, 4.92937, 4.92806, 4.92665, 4.92514, 4.92352, 4.92179, 4.91994, 4.91798, 4.91589, 4.91368, 4.91133, 4.90884, 4.90621, 4.90343, 4.90049, 4.89739, 4.89412, 4.89067, 4.88704, 4.88321, 4.87918, 4.87494, 4.87048, 4.86579, 4.86086, 4.85568, 4.85024, 4.84453, 4.83853, 4.83223, 4.82563, 4.8187, 4.81143, 4.80381, 4.79583, 4.78746, 4.77869, 4.7695, 4.75988, 4.74981, 4.73926, 4.72822, 4.71667, 4.70458, 4.69194, 4.67872, 4.6649, 4.65045, 4.63535, 4.61957, 4.60308, 4.58586, 4.56788, 4.5491, 4.5295, 4.50904, 4.4877, 4.46543, 4.4422, 4.41797, 4.39272, 4.36639, 4.33895, 4.31036, 4.28057, 4.24955, 4.21724, 4.1836, 4.14858, 4.11213, 4.07421, 4.03476, 3.99372, 3.95105, 3.90668, 3.86056, 3.81262, 3.76282, 3.71107, 3.65732, 3.6015, 3.54354, 3.48338, 3.42093, 3.35614, 
4.94374, 4.94367, 4.94353, 4.94332, 4.94304, 4.94268, 4.94226, 4.94176, 4.94118, 4.94053, 4.9398, 4.93899, 4.9381, 4.93713, 4.93607, 4.93492, 4.93368, 4.93234, 4.93091, 4.92937, 4.92773, 4.92598, 4.92412, 4.92213, 4.92003, 4.9178, 4.91543, 4.91293, 4.91028, 4.90749, 4.90453, 4.90141, 4.89812, 4.89465, 4.891, 4.88715, 4.8831, 4.87883, 4.87434, 4.86963, 4.86466, 4.85945, 4.85397, 4.84822, 4.84217, 4.83583, 4.82917, 4.82219, 4.81486, 4.80717, 4.79911, 4.79066, 4.78181, 4.77253, 4.76281, 4.75263, 4.74197, 4.73081, 4.71913, 4.7069, 4.69411, 4.68073, 4.66674, 4.6521, 4.63681, 4.62082, 4.60411, 4.58666, 4.56842, 4.54938, 4.5295, 4.50875, 4.48709, 4.46449, 4.44091, 4.41631, 4.39067, 4.36393, 4.33606, 4.30701, 4.27674, 4.24521, 4.21237, 4.17818, 4.14258, 4.10552, 4.06695, 4.02683, 3.98509, 3.94168, 3.89654, 3.84962, 3.80084, 3.75015, 3.69748, 3.64278, 3.58596, 3.52696, 3.46571, 3.40213, 
4.94843, 4.94837, 4.94823, 4.94804, 4.94777, 4.94744, 4.94703, 4.94656, 4.94602, 4.9454, 4.94471, 4.94395, 4.94311, 4.94219, 4.94118, 4.9401, 4.93892, 4.93765, 4.9363, 4.93484, 4.93329, 4.93163, 4.92986, 4.92798, 4.92598, 4.92386, 4.92161, 4.91923, 4.91671, 4.91405, 4.91123, 4.90826, 4.90513, 4.90182, 4.89833, 4.89465, 4.89078, 4.8867, 4.88241, 4.8779, 4.87314, 4.86815, 4.8629, 4.85738, 4.85158, 4.84549, 4.83909, 4.83238, 4.82533, 4.81794, 4.81018, 4.80204, 4.79351, 4.78456, 4.77518, 4.76536, 4.75506, 4.74428, 4.73299, 4.72117, 4.70879, 4.69584, 4.68229, 4.66811, 4.65328, 4.63778, 4.62157, 4.60462, 4.58692, 4.56842, 4.5491, 4.52892, 4.50786, 4.48587, 4.46291, 4.43897, 4.41398, 4.38792, 4.36075, 4.33242, 4.3029, 4.27213, 4.24007, 4.20667, 4.17189, 4.13568, 4.09798, 4.05875, 4.01792, 3.97544, 3.93126, 3.88532, 3.83755, 3.78789, 3.73629, 3.68266, 3.62695, 3.56909, 3.50901, 3.44663, 
4.95279, 4.95273, 4.95261, 4.95242, 4.95217, 4.95185, 4.95147, 4.95103, 4.95052, 4.94994, 4.94929, 4.94856, 4.94777, 4.9469, 4.94595, 4.94492, 4.94381, 4.94261, 4.94133, 4.93995, 4.93848, 4.9369, 4.93523, 4.93344, 4.93155, 4.92953, 4.9274, 4.92514, 4.92274, 4.92021, 4.91753, 4.9147, 4.91171, 4.90855, 4.90522, 4.90172, 4.89802, 4.89412, 4.89002, 4.8857, 4.88115, 4.87636, 4.87133, 4.86604, 4.86048, 4.85463, 4.84849, 4.84203, 4.83526, 4.82814, 4.82068, 4.81284, 4.80462, 4.79599, 4.78695, 4.77747, 4.76753, 4.75711, 4.74619, 4.73476, 4.72279, 4.71025, 4.69713, 4.68339, 4.66902, 4.65398, 4.63826, 4.62182, 4.60462, 4.58666, 4.56788, 4.54826, 4.52777, 4.50637, 4.48403, 4.46071, 4.43637, 4.41098, 4.38448, 4.35686, 4.32805, 4.29802, 4.26672, 4.2341, 4.20012, 4.16473, 4.12788, 4.08951, 4.04957, 4.008, 3.96476, 3.91977, 3.87299, 3.82434, 3.77376, 3.7212, 3.66657, 3.60982, 3.55088, 3.48966, 
4.95684, 4.95679, 4.95667, 4.95649, 4.95625, 4.95596, 4.9556, 4.95518, 4.9547, 4.95415, 4.95354, 4.95286, 4.95211, 4.95128, 4.95039, 4.94942, 4.94837, 4.94723, 4.94602, 4.94471, 4.94332, 4.94183, 4.94024, 4.93855, 4.93675, 4.93484, 4.93281, 4.93066, 4.92839, 4.92598, 4.92343, 4.92073, 4.91789, 4.91488, 4.91171, 4.90836, 4.90483, 4.90111, 4.89718, 4.89305, 4.8887, 4.88412, 4.8793, 4.87422, 4.86889, 4.86328, 4.85738, 4.85118, 4.84466, 4.83782, 4.83063, 4.82309, 4.81517, 4.80685, 4.79813, 4.78898, 4.77938, 4.76932, 4.75877, 4.74772, 4.73614, 4.724, 4.71129, 4.69799, 4.68406, 4.66948, 4.65422, 4.63826, 4.62157, 4.60411, 4.58586, 4.56679, 4.54686, 4.52604, 4.50429, 4.48158, 4.45786, 4.43311, 4.40729, 4.38034, 4.35223, 4.32292, 4.29236, 4.26051, 4.22731, 4.19272, 4.15668, 4.11916, 4.08008, 4.03941, 3.99707, 3.95302, 3.90719, 3.85952, 3.80996, 3.75842, 3.70486, 3.64919, 3.59135, 3.53128, 
4.9606, 4.96055, 4.96043, 4.96027, 4.96005, 4.95977, 4.95943, 4.95903, 4.95858, 4.95806, 4.95749, 4.95684, 4.95614, 4.95536, 4.95452, 4.9536, 4.95261, 4.95154, 4.95039, 4.94915, 4.94783, 4.94642, 4.94492, 4.94332, 4.94161, 4.9398, 4.93788, 4.93584, 4.93368, 4.93139, 4.92896, 4.9264, 4.92369, 4.92082, 4.9178, 4.9146, 4.91123, 4.90768, 4.90393, 4.89998, 4.89582, 4.89143, 4.88681, 4.88195, 4.87684, 4.87145, 4.86579, 4.85983, 4.85357, 4.84699, 4.84008, 4.83281, 4.82518, 4.81717, 4.80876, 4.79993, 4.79066, 4.78095, 4.77075, 4.76006, 4.74886, 4.73711, 4.72481, 4.71192, 4.69841, 4.68428, 4.66948, 4.65398, 4.63778, 4.62082, 4.60308, 4.58454, 4.56515, 4.54489, 4.52372, 4.5016, 4.4785, 4.45437, 4.42919, 4.40291, 4.37548, 4.34687, 4.31703, 4.28591, 4.25347, 4.21966, 4.18443, 4.14772, 4.10949, 4.06968, 4.02824, 3.98509, 3.9402, 3.89349, 3.84491, 3.79438, 3.74185, 3.68724, 3.63048, 3.57152, 
4.96408, 4.96403, 4.96393, 4.96377, 4.96356, 4.9633, 4.96298, 4.96261, 4.96218, 4.96169, 4.96115, 4.96055, 4.95988, 4.95915, 4.95835, 4.95749, 4.95655, 4.95554, 4.95445, 4.95329, 4.95204, 4.95071, 4.94929, 4.94777, 4.94615, 4.94444, 4.94261, 4.94068, 4.93862, 4.93645, 4.93414, 4.9317, 4.92912, 4.9264, 4.92351, 4.92047, 4.91725, 4.91386, 4.91028, 4.90651, 4.90252, 4.89833, 4.89391, 4.88925, 4.88434, 4.87918, 4.87374, 4.86802, 4.86201, 4.85568, 4.84903, 4.84203, 4.83468, 4.82696, 4.81885, 4.81033, 4.80139, 4.792, 4.78215, 4.77182, 4.76098, 4.74962, 4.7377, 4.72521, 4.71212, 4.69841, 4.68406, 4.66902, 4.65328, 4.63681, 4.61957, 4.60154, 4.58268, 4.56296, 4.54235, 4.52081, 4.4983, 4.47478, 4.45023, 4.42459, 4.39783, 4.3699, 4.34076, 4.31036, 4.27866, 4.24561, 4.21116, 4.17525, 4.13784, 4.09887, 4.05829, 4.01604, 3.97205, 3.92628, 3.87865, 3.82911, 3.77758, 3.724, 3.66831, 3.61042, 
4.9673, 4.96725, 4.96716, 4.96701, 4.96681, 4.96657, 4.96627, 4.96592, 4.96552, 4.96506, 4.96455, 4.96398, 4.96335, 4.96266, 4.96191, 4.9611, 4.96021, 4.95926, 4.95824, 4.95714, 4.95596, 4.9547, 4.95335, 4.95192, 4.95039, 4.94876, 4.94703, 4.9452, 4.94325, 4.94118, 4.93899, 4.93667, 4.93422, 4.93162, 4.92888, 4.92598, 4.92291, 4.91967, 4.91626, 4.91265, 4.90884, 4.90483, 4.90059, 4.89613, 4.89143, 4.88648, 4.88126, 4.87577, 4.86999, 4.86391, 4.85751, 4.85078, 4.8437, 4.83626, 4.82844, 4.82022, 4.81159, 4.80252, 4.79301, 4.78302, 4.77253, 4.76153, 4.74999, 4.7379, 4.72521, 4.71192, 4.69799, 4.68339, 4.66811, 4.6521, 4.63535, 4.61782, 4.59947, 4.58028, 4.56021, 4.53923, 4.5173, 4.49438, 4.47043, 4.44542, 4.4193, 4.39204, 4.36358, 4.33388, 4.3029, 4.27059, 4.23689, 4.20177, 4.16516, 4.12701, 4.08727, 4.04588, 4.00279, 3.95792, 3.91123, 3.86264, 3.8121, 3.75953, 3.70486, 3.64803, 
4.97028, 4.97023, 4.97014, 4.97, 4.96982, 4.96959, 4.96931, 4.96898, 4.9686, 4.96817, 4.96769, 4.96716, 4.96657, 4.96592, 4.96521, 4.96444, 4.96361, 4.96271, 4.96175, 4.96071, 4.9596, 4.95841, 4.95714, 4.95578, 4.95433, 4.95279, 4.95116, 4.94942, 4.94757, 4.94561, 4.94353, 4.94133, 4.93899, 4.93652, 4.93391, 4.93114, 4.92822, 4.92513, 4.92187, 4.91843, 4.91479, 4.91095, 4.9069, 4.90263, 4.89812, 4.89337, 4.88837, 4.8831, 4.87754, 4.87169, 4.86554, 4.85906, 4.85225, 4.84508, 4.83754, 4.82961, 4.82128, 4.81253, 4.80333, 4.79367, 4.78353, 4.77289, 4.76171, 4.74999, 4.7377, 4.72481, 4.71129, 4.69713, 4.68229, 4.66674, 4.65045, 4.6334, 4.61555, 4.59688, 4.57734, 4.5569, 4.53553, 4.51318, 4.48983, 4.46543, 4.43994, 4.41332, 4.38552, 4.3565, 4.32622, 4.29463, 4.26167, 4.22731, 4.19148, 4.15413, 4.11521, 4.07467, 4.03244, 3.98846, 3.94268, 3.89502, 3.84543, 3.79384, 3.74018, 3.68438, 
4.97303, 4.97298, 4.9729, 4.97277, 4.9726, 4.97238, 4.97212, 4.97181, 4.97145, 4.97105, 4.9706, 4.9701, 4.96954, 4.96893, 4.96827, 4.96755, 4.96676, 4.96592, 4.96501, 4.96403, 4.96298, 4.96186, 4.96066, 4.95937, 4.95801, 4.95655, 4.955, 4.95335, 4.9516, 4.94974, 4.94777, 4.94568, 4.94346, 4.94111, 4.93862, 4.93599, 4.93321, 4.93026, 4.92715, 4.92386, 4.92038, 4.91671, 4.91283, 4.90874, 4.90443, 4.89988, 4.89508, 4.89002, 4.88468, 4.87906, 4.87314, 4.86691, 4.86035, 4.85344, 4.84617, 4.83853, 4.83049, 4.82203, 4.81315, 4.80381, 4.794, 4.7837, 4.77289, 4.76153, 4.74962, 4.73711, 4.724, 4.71025, 4.69584, 4.68073, 4.6649, 4.64832, 4.63096, 4.61278, 4.59375, 4.57384, 4.55301, 4.53123, 4.50845, 4.48464, 4.45976, 4.43377, 4.40662, 4.37826, 4.34866, 4.31777, 4.28553, 4.25191, 4.21684, 4.18027, 4.14215, 4.10242, 4.06104, 4.01792, 3.97303, 3.92628, 3.87763, 3.82699, 3.77431, 3.71952, 
4.97556, 4.97552, 4.97544, 4.97532, 4.97516, 4.97495, 4.97471, 4.97442, 4.97409, 4.97371, 4.97328, 4.97281, 4.97229, 4.97172, 4.9711, 4.97042, 4.96968, 4.96888, 4.96803, 4.96711, 4.96612, 4.96506, 4.96392, 4.96271, 4.96142, 4.96004, 4.95858, 4.95702, 4.95536, 4.9536, 4.95173, 4.94974, 4.94763, 4.9454, 4.94304, 4.94053, 4.93788, 4.93507, 4.9321, 4.92896, 4.92564, 4.92213, 4.91842, 4.91451, 4.91038, 4.90601, 4.90141, 4.89655, 4.89143, 4.88603, 4.88034, 4.87434, 4.86802, 4.86137, 4.85437, 4.84699, 4.83923, 4.83107, 4.82249, 4.81346, 4.80397, 4.794, 4.78353, 4.77253, 4.76098, 4.74886, 4.73614, 4.72279, 4.70879, 4.69411, 4.67872, 4.6626, 4.6457, 4.62801, 4.60948, 4.59008, 4.56978, 4.54854, 4.52633, 4.50309, 4.47881, 4.45342, 4.4269, 4.39919, 4.37025, 4.34004, 4.3085, 4.27559, 4.24126, 4.20545, 4.16811, 4.12919, 4.08862, 4.04635, 4.00231, 3.95646, 3.90871, 3.85901, 3.80729, 3.75347, 
4.97789, 4.97786, 4.97778, 4.97767, 4.97752, 4.97733, 4.9771, 4.97682, 4.97651, 4.97616, 4.97576, 4.97532, 4.97483, 4.97429, 4.97371, 4.97307, 4.97238, 4.97163, 4.97082, 4.96996, 4.96903, 4.96803, 4.96696, 4.96582, 4.9646, 4.9633, 4.96191, 4.96043, 4.95886, 4.95719, 4.95542, 4.95354, 4.95154, 4.94941, 4.94717, 4.94478, 4.94226, 4.93958, 4.93675, 4.93375, 4.93058, 4.92723, 4.92369, 4.91994, 4.91598, 4.9118, 4.90739, 4.90273, 4.89781, 4.89262, 4.88715, 4.88138, 4.8753, 4.86889, 4.86213, 4.85502, 4.84754, 4.83966, 4.83136, 4.82264, 4.81346, 4.80381, 4.79367, 4.78302, 4.77182, 4.76006, 4.74772, 4.73476, 4.72117, 4.7069, 4.69194, 4.67626, 4.65982, 4.6426, 4.62455, 4.60565, 4.58586, 4.56515, 4.54348, 4.52081, 4.49709, 4.4723, 4.44639, 4.41931, 4.39101, 4.36146, 4.33061, 4.2984, 4.26478, 4.22971, 4.19313, 4.15499, 4.11522, 4.07377, 4.03057, 3.98558, 3.93872, 3.88993, 3.83913, 3.78628, 
4.98004, 4.98, 4.97993, 4.97983, 4.97969, 4.97951, 4.97929, 4.97904, 4.97875, 4.97842, 4.97804, 4.97763, 4.97717, 4.97667, 4.97612, 4.97552, 4.97487, 4.97417, 4.97341, 4.9726, 4.97172, 4.97078, 4.96977, 4.9687, 4.96754, 4.96632, 4.96501, 4.96361, 4.96213, 4.96054, 4.95886, 4.95708, 4.95518, 4.95316, 4.95103, 4.94876, 4.94636, 4.94381, 4.94111, 4.93825, 4.93522, 4.93202, 4.92863, 4.92505, 4.92126, 4.91725, 4.91302, 4.90855, 4.90383, 4.89885, 4.89359, 4.88804, 4.88218, 4.87601, 4.8695, 4.86264, 4.85542, 4.84781, 4.8398, 4.83136, 4.82249, 4.81315, 4.80333, 4.79301, 4.78215, 4.77075, 4.75877, 4.74619, 4.73299, 4.71913, 4.70458, 4.68933, 4.67333, 4.65656, 4.63899, 4.62057, 4.60128, 4.58108, 4.55994, 4.53781, 4.51466, 4.49044, 4.46512, 4.43864, 4.41098, 4.38207, 4.35188, 4.32035, 4.28744, 4.25309, 4.21724, 4.17985, 4.14086, 4.10021, 4.05784, 4.01368, 3.96769, 3.91978, 3.8699, 3.81797, 
4.98201, 4.98197, 4.98191, 4.98181, 4.98168, 4.98151, 4.98131, 4.98107, 4.9808, 4.98049, 4.98014, 4.97976, 4.97933, 4.97886, 4.97834, 4.97778, 4.97717, 4.97651, 4.9758, 4.97503, 4.97421, 4.97333, 4.97238, 4.97136, 4.97028, 4.96912, 4.96788, 4.96656, 4.96516, 4.96366, 4.96207, 4.96038, 4.95858, 4.95667, 4.95464, 4.95248, 4.95019, 4.94777, 4.94519, 4.94247, 4.93958, 4.93652, 4.93328, 4.92986, 4.92623, 4.92239, 4.91833, 4.91405, 4.90951, 4.90473, 4.89967, 4.89433, 4.8887, 4.88275, 4.87648, 4.86987, 4.8629, 4.85555, 4.84781, 4.83966, 4.83107, 4.82203, 4.81253, 4.80252, 4.792, 4.78095, 4.76932, 4.75711, 4.74428, 4.73081, 4.71667, 4.70183, 4.68626, 4.66993, 4.65281, 4.63487, 4.61606, 4.59636, 4.57573, 4.55413, 4.53152, 4.50786, 4.48311, 4.45723, 4.43018, 4.4019, 4.37235, 4.34148, 4.30925, 4.27559, 4.24047, 4.20382, 4.16558, 4.12571, 4.08414, 4.0408, 3.99564, 3.9486, 3.8996, 3.84858, 
4.98381, 4.98378, 4.98372, 4.98363, 4.98351, 4.98335, 4.98316, 4.98294, 4.98269, 4.9824, 4.98207, 4.98171, 4.98131, 4.98087, 4.98039, 4.97986, 4.97929, 4.97867, 4.97801, 4.97729, 4.97651, 4.97568, 4.97479, 4.97383, 4.97281, 4.97172, 4.97055, 4.96931, 4.96798, 4.96656, 4.96506, 4.96345, 4.96175, 4.95993, 4.958, 4.95596, 4.95378, 4.95147, 4.94902, 4.94642, 4.94367, 4.94075, 4.93765, 4.93437, 4.9309, 4.92723, 4.92334, 4.91923, 4.91488, 4.91028, 4.90542, 4.90029, 4.89486, 4.88914, 4.88309, 4.87672, 4.86999, 4.8629, 4.85542, 4.84754, 4.83923, 4.83049, 4.82128, 4.81159, 4.80139, 4.79066, 4.77938, 4.76753, 4.75506, 4.74197, 4.72822, 4.71378, 4.69863, 4.68273, 4.66605, 4.64856, 4.63022, 4.61101, 4.59087, 4.56978, 4.5477, 4.52459, 4.5004, 4.4751, 4.44863, 4.42096, 4.39204, 4.36182, 4.33024, 4.29727, 4.26284, 4.22691, 4.18941, 4.1503, 4.1095, 4.06696, 4.02262, 3.97642, 3.92828, 3.87814, 
4.98546, 4.98544, 4.98538, 4.98529, 4.98518, 4.98503, 4.98486, 4.98465, 4.98442, 4.98415, 4.98384, 4.9835, 4.98313, 4.98272, 4.98227, 4.98178, 4.98124, 4.98066, 4.98004, 4.97936, 4.97864, 4.97786, 4.97702, 4.97612, 4.97516, 4.97413, 4.97303, 4.97185, 4.9706, 4.96926, 4.96783, 4.96632, 4.9647, 4.96298, 4.96115, 4.9592, 4.95713, 4.95494, 4.9526, 4.95013, 4.9475, 4.94471, 4.94176, 4.93862, 4.9353, 4.93178, 4.92806, 4.92411, 4.91994, 4.91552, 4.91085, 4.90591, 4.9007, 4.89518, 4.88936, 4.88321, 4.87672, 4.86987, 4.86264, 4.85502, 4.84699, 4.83853, 4.82961, 4.82022, 4.81033, 4.79993, 4.78898, 4.77747, 4.76536, 4.75263, 4.73926, 4.72521, 4.71046, 4.69498, 4.67872, 4.66168, 4.64379, 4.62505, 4.6054, 4.58481, 4.56324, 4.54065, 4.51701, 4.49226, 4.46637, 4.43929, 4.41098, 4.38138, 4.35045, 4.31814, 4.2844, 4.24916, 4.21238, 4.174, 4.13396, 4.0922, 4.04866, 4.00327, 3.95597, 3.90669, 
4.98697, 4.98695, 4.98689, 4.98681, 4.98671, 4.98657, 4.98641, 4.98622, 4.986, 4.98575, 4.98546, 4.98515, 4.9848, 4.98442, 4.98399, 4.98354, 4.98304, 4.98249, 4.98191, 4.98128, 4.98059, 4.97986, 4.97907, 4.97823, 4.97732, 4.97636, 4.97532, 4.97421, 4.97303, 4.97176, 4.97042, 4.96898, 4.96745, 4.96582, 4.96408, 4.96223, 4.96027, 4.95818, 4.95596, 4.9536, 4.95109, 4.94843, 4.94561, 4.94261, 4.93943, 4.93607, 4.9325, 4.92871, 4.92471, 4.92047, 4.91598, 4.91123, 4.90621, 4.9009, 4.89529, 4.88936, 4.88309, 4.87648, 4.8695, 4.86213, 4.85437, 4.84617, 4.83754, 4.82844, 4.81885, 4.80876, 4.79813, 4.78695, 4.77518, 4.76281, 4.74981, 4.73614, 4.72178, 4.70669, 4.69086, 4.67424, 4.6568, 4.6385, 4.61932, 4.59921, 4.57814, 4.55607, 4.53295, 4.50875, 4.48342, 4.45692, 4.4292, 4.40021, 4.3699, 4.33823, 4.30515, 4.27059, 4.23451, 4.19684, 4.15754, 4.11654, 4.07377, 4.02918, 3.9827, 3.93426, 
4.98835, 4.98833, 4.98828, 4.9882, 4.9881, 4.98798, 4.98783, 4.98765, 4.98744, 4.98721, 4.98695, 4.98665, 4.98633, 4.98597, 4.98558, 4.98515, 4.98468, 4.98418, 4.98363, 4.98304, 4.9824, 4.98171, 4.98097, 4.98018, 4.97933, 4.97842, 4.97744, 4.97639, 4.97528, 4.97408, 4.97281, 4.97145, 4.97, 4.96846, 4.96681, 4.96506, 4.96319, 4.9612, 4.95909, 4.95684, 4.95445, 4.95191, 4.94922, 4.94636, 4.94332, 4.94009, 4.93667, 4.93305, 4.9292, 4.92513, 4.92082, 4.91625, 4.91142, 4.90631, 4.9009, 4.89518, 4.88914, 4.88275, 4.87601, 4.86889, 4.86137, 4.85344, 4.84508, 4.83626, 4.82696, 4.81717, 4.80685, 4.79599, 4.78456, 4.77253, 4.75988, 4.74658, 4.73259, 4.7179, 4.70247, 4.68626, 4.66925, 4.6514, 4.63267, 4.61303, 4.59245, 4.57087, 4.54827, 4.52459, 4.4998, 4.47386, 4.44671, 4.41831, 4.38862, 4.35757, 4.32513, 4.29123, 4.25583, 4.21886, 4.18027, 4.14, 4.09799, 4.05417, 4.00849, 3.96086, 
4.98961, 4.98958, 4.98954, 4.98947, 4.98938, 4.98926, 4.98912, 4.98896, 4.98876, 4.98855, 4.9883, 4.98803, 4.98773, 4.98739, 4.98703, 4.98663, 4.98619, 4.98572, 4.98521, 4.98465, 4.98406, 4.98341, 4.98272, 4.98197, 4.98117, 4.98032, 4.9794, 4.97842, 4.97736, 4.97624, 4.97503, 4.97375, 4.97238, 4.97091, 4.96935, 4.96769, 4.96592, 4.96403, 4.96202, 4.95988, 4.9576, 4.95518, 4.9526, 4.94987, 4.94696, 4.94388, 4.9406, 4.93713, 4.93344, 4.92953, 4.92539, 4.921, 4.91635, 4.91142, 4.90621, 4.9007, 4.89486, 4.8887, 4.88218, 4.8753, 4.86802, 4.86035, 4.85225, 4.8437, 4.83468, 4.82518, 4.81517, 4.80462, 4.79351, 4.78181, 4.7695, 4.75655, 4.74294, 4.72862, 4.71358, 4.69777, 4.68118, 4.66375, 4.64547, 4.62628, 4.60617, 4.58507, 4.56296, 4.5398, 4.51554, 4.49014, 4.46355, 4.43573, 4.40662, 4.37618, 4.34436, 4.31111, 4.27637, 4.24008, 4.20218, 4.16263, 4.12135, 4.07829, 4.03338, 3.98655, 
4.99075, 4.99073, 4.99068, 4.99062, 4.99053, 4.99043, 4.9903, 4.99014, 4.98997, 4.98976, 4.98954, 4.98928, 4.989, 4.98869, 4.98835, 4.98798, 4.98757, 4.98713, 4.98665, 4.98614, 4.98558, 4.98497, 4.98433, 4.98363, 4.98288, 4.98207, 4.98121, 4.98028, 4.97929, 4.97823, 4.97709, 4.97588, 4.97458, 4.9732, 4.97172, 4.97014, 4.96846, 4.96666, 4.96475, 4.96271, 4.96054, 4.95823, 4.95578, 4.95316, 4.95039, 4.94743, 4.9443, 4.94096, 4.93743, 4.93367, 4.92969, 4.92547, 4.921, 4.91625, 4.91123, 4.90591, 4.90029, 4.89433, 4.88804, 4.88138, 4.87434, 4.86691, 4.85906, 4.85078, 4.84203, 4.83281, 4.82309, 4.81284, 4.80204, 4.79066, 4.77869, 4.76608, 4.75282, 4.73887, 4.72421, 4.70879, 4.6926, 4.67559, 4.65773, 4.63899, 4.61932, 4.5987, 4.57707, 4.55441, 4.53066, 4.50578, 4.47973, 4.45247, 4.42394, 4.39409, 4.36288, 4.33025, 4.29614, 4.26051, 4.2233, 4.18444, 4.14387, 4.10154, 4.05738, 4.01133, 
4.99178, 4.99176, 4.99172, 4.99166, 4.99159, 4.99149, 4.99137, 4.99122, 4.99106, 4.99087, 4.99066, 4.99043, 4.99017, 4.98988, 4.98956, 4.98921, 4.98884, 4.98842, 4.98798, 4.9875, 4.98697, 4.98641, 4.9858, 4.98515, 4.98445, 4.98369, 4.98288, 4.98201, 4.98107, 4.98007, 4.979, 4.97786, 4.97663, 4.97532, 4.97392, 4.97242, 4.97082, 4.96912, 4.9673, 4.96536, 4.96329, 4.96109, 4.95875, 4.95625, 4.9536, 4.95077, 4.94777, 4.94457, 4.94118, 4.93758, 4.93375, 4.92969, 4.92539, 4.92082, 4.91598, 4.91085, 4.90542, 4.89967, 4.89359, 4.88715, 4.88034, 4.87314, 4.86554, 4.85751, 4.84903, 4.84008, 4.83063, 4.82068, 4.81018, 4.79911, 4.78746, 4.77518, 4.76227, 4.74867, 4.73437, 4.71933, 4.70353, 4.68692, 4.66948, 4.65116, 4.63194, 4.61177, 4.59061, 4.56843, 4.54518, 4.52081, 4.49529, 4.46857, 4.44059, 4.41132, 4.38069, 4.34867, 4.31519, 4.2802, 4.24364, 4.20546, 4.16559, 4.12397, 4.08054, 4.03524, 
4.99272, 4.9927, 4.99266, 4.99261, 4.99254, 4.99245, 4.99233, 4.9922, 4.99205, 4.99188, 4.99168, 4.99147, 4.99122, 4.99096, 4.99066, 4.99034, 4.98999, 4.98961, 4.98919, 4.98874, 4.98825, 4.98773, 4.98716, 4.98655, 4.98589, 4.98518, 4.98442, 4.9836, 4.98272, 4.98178, 4.98077, 4.97968, 4.97853, 4.97729, 4.97596, 4.97454, 4.97303, 4.97141, 4.96968, 4.96783, 4.96587, 4.96377, 4.96153, 4.95915, 4.95661, 4.9539, 4.95103, 4.94797, 4.94471, 4.94125, 4.93758, 4.93367, 4.92953, 4.92513, 4.92047, 4.91552, 4.91028, 4.90473, 4.89885, 4.89262, 4.88603, 4.87906, 4.87169, 4.86391, 4.85568, 4.84699, 4.83782, 4.82814, 4.81794, 4.80717, 4.79583, 4.78388, 4.77129, 4.75804, 4.74409, 4.72942, 4.71399, 4.69777, 4.68073, 4.66283, 4.64404, 4.6243, 4.6036, 4.58189, 4.55911, 4.53525, 4.51023, 4.48404, 4.4566, 4.42789, 4.39784, 4.3664, 4.33352, 4.29916, 4.26324, 4.22571, 4.18652, 4.14559, 4.10288, 4.0583, 
4.99357, 4.99355, 4.99352, 4.99347, 4.9934, 4.99331, 4.99321, 4.99309, 4.99295, 4.99279, 4.99261, 4.99241, 4.99218, 4.99194, 4.99166, 4.99137, 4.99104, 4.99068, 4.9903, 4.98988, 4.98942, 4.98893, 4.9884, 4.98783, 4.98721, 4.98655, 4.98583, 4.98506, 4.98424, 4.98335, 4.9824, 4.98138, 4.98028, 4.97911, 4.97785, 4.97651, 4.97507, 4.97354, 4.97189, 4.97014, 4.96827, 4.96627, 4.96413, 4.96185, 4.95943, 4.95684, 4.95409, 4.95115, 4.94803, 4.94471, 4.94118, 4.93743, 4.93344, 4.9292, 4.92471, 4.91994, 4.91488, 4.90951, 4.90383, 4.89781, 4.89143, 4.88468, 4.87754, 4.86999, 4.86201, 4.85357, 4.84466, 4.83526, 4.82533, 4.81486, 4.80381, 4.79217, 4.77991, 4.76699, 4.75338, 4.73907, 4.724, 4.70816, 4.69151, 4.67401, 4.65563, 4.63633, 4.61606, 4.5948, 4.5725, 4.54911, 4.52459, 4.4989, 4.472, 4.44382, 4.41432, 4.38346, 4.35117, 4.31741, 4.28211, 4.24522, 4.20668, 4.16643, 4.12441, 4.08054, 
4.99433, 4.99432, 4.99428, 4.99424, 4.99418, 4.9941, 4.994, 4.99389, 4.99376, 4.99362, 4.99345, 4.99326, 4.99306, 4.99283, 4.99257, 4.9923, 4.99199, 4.99166, 4.9913, 4.99091, 4.99049, 4.99003, 4.98954, 4.989, 4.98842, 4.9878, 4.98713, 4.98641, 4.98563, 4.9848, 4.9839, 4.98294, 4.98191, 4.9808, 4.97961, 4.97834, 4.97698, 4.97552, 4.97396, 4.97229, 4.97051, 4.9686, 4.96656, 4.96439, 4.96207, 4.9596, 4.95696, 4.95415, 4.95115, 4.94797, 4.94457, 4.94096, 4.93713, 4.93305, 4.92871, 4.92411, 4.91923, 4.91405, 4.90855, 4.90273, 4.89655, 4.89002, 4.8831, 4.87577, 4.86802, 4.85983, 4.85118, 4.84203, 4.83238, 4.82219, 4.81143, 4.80009, 4.78814, 4.77554, 4.76227, 4.74829, 4.73358, 4.71811, 4.70183, 4.68472, 4.66674, 4.64785, 4.62801, 4.60719, 4.58534, 4.56242, 4.53838, 4.51319, 4.48679, 4.45914, 4.43018, 4.39987, 4.36815, 4.33498, 4.30028, 4.26401, 4.22611, 4.18652, 4.14516, 4.10199, 
4.99502, 4.995, 4.99498, 4.99493, 4.99488, 4.99481, 4.99472, 4.99462, 4.9945, 4.99436, 4.99421, 4.99404, 4.99384, 4.99363, 4.9934, 4.99314, 4.99286, 4.99256, 4.99222, 4.99186, 4.99147, 4.99104, 4.99058, 4.99008, 4.98954, 4.98895, 4.98833, 4.98765, 4.98692, 4.98614, 4.98529, 4.98439, 4.98341, 4.98236, 4.98124, 4.98004, 4.97875, 4.97736, 4.97588, 4.97429, 4.97259, 4.97078, 4.96884, 4.96676, 4.96454, 4.96218, 4.95965, 4.95696, 4.95409, 4.95103, 4.94777, 4.9443, 4.9406, 4.93667, 4.9325, 4.92806, 4.92334, 4.91833, 4.91302, 4.90739, 4.90141, 4.89508, 4.88837, 4.88126, 4.87374, 4.86579, 4.85738, 4.84849, 4.83909, 4.82917, 4.8187, 4.80765, 4.79599, 4.7837, 4.77075, 4.75711, 4.74274, 4.72762, 4.71171, 4.69498, 4.67739, 4.6589, 4.63947, 4.61907, 4.59766, 4.57519, 4.55162, 4.52691, 4.50101, 4.47386, 4.44543, 4.41566, 4.38449, 4.35189, 4.31778, 4.28211, 4.24483, 4.20587, 4.16517, 4.12266, 
4.99564, 4.99562, 4.9956, 4.99556, 4.99551, 4.99544, 4.99536, 4.99527, 4.99516, 4.99503, 4.99489, 4.99473, 4.99456, 4.99436, 4.99415, 4.99391, 4.99365, 4.99336, 4.99306, 4.99272, 4.99235, 4.99196, 4.99152, 4.99106, 4.99055, 4.99001, 4.98942, 4.98879, 4.9881, 4.98737, 4.98657, 4.98572, 4.9848, 4.98381, 4.98275, 4.98161, 4.98039, 4.97907, 4.97767, 4.97616, 4.97454, 4.97281, 4.97096, 4.96898, 4.96686, 4.9646, 4.96218, 4.9596, 4.95684, 4.9539, 4.95077, 4.94743, 4.94388, 4.94009, 4.93607, 4.93178, 4.92723, 4.92239, 4.91725, 4.9118, 4.90601, 4.89988, 4.89337, 4.88648, 4.87918, 4.87145, 4.86328, 4.85463, 4.84549, 4.83583, 4.82563, 4.81486, 4.80349, 4.7915, 4.77886, 4.76554, 4.75151, 4.73673, 4.72117, 4.7048, 4.68758, 4.66948, 4.65046, 4.63047, 4.60948, 4.58745, 4.56434, 4.54009, 4.51466, 4.48801, 4.46009, 4.43084, 4.40021, 4.36816, 4.33462, 4.29953, 4.26285, 4.22451, 4.18444, 4.14259, 
4.99619, 4.99618, 4.99615, 4.99612, 4.99607, 4.99601, 4.99594, 4.99585, 4.99575, 4.99564, 4.99551, 4.99536, 4.9952, 4.99502, 4.99482, 4.9946, 4.99436, 4.9941, 4.99381, 4.9935, 4.99316, 4.99279, 4.99239, 4.99196, 4.99149, 4.99098, 4.99043, 4.98983, 4.98919, 4.9885, 4.98775, 4.98695, 4.98608, 4.98515, 4.98415, 4.98307, 4.98191, 4.98066, 4.97933, 4.97789, 4.97635, 4.97471, 4.97294, 4.97105, 4.96902, 4.96686, 4.96454, 4.96207, 4.95943, 4.95661, 4.9536, 4.95039, 4.94696, 4.94332, 4.93943, 4.9353, 4.9309, 4.92623, 4.92126, 4.91598, 4.91038, 4.90443, 4.89812, 4.89143, 4.88434, 4.87684, 4.86889, 4.86048, 4.85158, 4.84217, 4.83223, 4.82174, 4.81065, 4.79895, 4.78661, 4.7736, 4.75988, 4.74543, 4.73022, 4.7142, 4.69735, 4.67962, 4.66098, 4.6414, 4.62082, 4.59922, 4.57654, 4.55274, 4.52778, 4.50161, 4.47417, 4.44543, 4.41533, 4.38381, 4.35082, 4.3163, 4.2802, 4.24246, 4.20301, 4.16179, 
4.99668, 4.99667, 4.99665, 4.99662, 4.99658, 4.99652, 4.99645, 4.99638, 4.99628, 4.99618, 4.99606, 4.99593, 4.99578, 4.99561, 4.99543, 4.99523, 4.995, 4.99476, 4.9945, 4.99421, 4.99389, 4.99355, 4.99318, 4.99277, 4.99233, 4.99186, 4.99134, 4.99079, 4.99019, 4.98954, 4.98884, 4.98808, 4.98726, 4.98638, 4.98543, 4.98441, 4.98332, 4.98214, 4.98087, 4.97951, 4.97804, 4.97647, 4.97479, 4.97298, 4.97105, 4.96898, 4.96676, 4.96439, 4.96185, 4.95915, 4.95625, 4.95316, 4.94987, 4.94636, 4.94261, 4.93862, 4.93437, 4.92986, 4.92505, 4.91994, 4.91451, 4.90874, 4.90263, 4.89613, 4.88925, 4.88195, 4.87422, 4.86604, 4.85738, 4.84822, 4.83853, 4.82829, 4.81748, 4.80606, 4.79401, 4.78129, 4.76789, 4.75376, 4.73887, 4.7232, 4.7067, 4.68933, 4.67107, 4.65187, 4.6317, 4.6105, 4.58825, 4.56488, 4.54037, 4.51466, 4.48771, 4.45945, 4.42986, 4.39886, 4.3664, 4.33244, 4.2969, 4.25974, 4.22088, 4.18028, 
4.99713, 4.99712, 4.9971, 4.99707, 4.99703, 4.99698, 4.99692, 4.99684, 4.99676, 4.99666, 4.99655, 4.99643, 4.99629, 4.99614, 4.99597, 4.99579, 4.99558, 4.99536, 4.99512, 4.99485, 4.99456, 4.99424, 4.99389, 4.99352, 4.99311, 4.99266, 4.99218, 4.99166, 4.9911, 4.99049, 4.98983, 4.98912, 4.98835, 4.98752, 4.98663, 4.98566, 4.98462, 4.9835, 4.9823, 4.981, 4.97961, 4.97812, 4.97651, 4.97479, 4.97294, 4.97096, 4.96884, 4.96656, 4.96413, 4.96153, 4.95875, 4.95578, 4.9526, 4.94922, 4.94561, 4.94176, 4.93765, 4.93328, 4.92863, 4.92369, 4.91842, 4.91283, 4.9069, 4.90059, 4.89391, 4.88681, 4.8793, 4.87133, 4.8629, 4.85397, 4.84453, 4.83454, 4.82399, 4.81284, 4.80107, 4.78864, 4.77554, 4.76172, 4.74715, 4.73181, 4.71564, 4.69863, 4.68074, 4.66191, 4.64212, 4.62132, 4.59948, 4.57654, 4.55246, 4.5272, 4.50071, 4.47293, 4.44382, 4.41333, 4.38139, 4.34796, 4.31297, 4.27637, 4.2381, 4.19808, 
4.99752, 4.99751, 4.99749, 4.99746, 4.99743, 4.99738, 4.99733, 4.99726, 4.99718, 4.9971, 4.997, 4.99688, 4.99676, 4.99662, 4.99647, 4.99629, 4.99611, 4.9959, 4.99567, 4.99543, 4.99516, 4.99486, 4.99454, 4.99419, 4.99381, 4.9934, 4.99295, 4.99246, 4.99194, 4.99136, 4.99075, 4.99008, 4.98935, 4.98857, 4.98773, 4.98681, 4.98583, 4.98477, 4.98363, 4.9824, 4.98107, 4.97965, 4.97812, 4.97647, 4.97471, 4.97281, 4.97078, 4.9686, 4.96627, 4.96377, 4.96109, 4.95823, 4.95518, 4.95191, 4.94843, 4.94471, 4.94075, 4.93652, 4.93202, 4.92723, 4.92213, 4.91671, 4.91095, 4.90483, 4.89833, 4.89143, 4.88412, 4.87636, 4.86815, 4.85945, 4.85024, 4.8405, 4.8302, 4.81931, 4.80781, 4.79566, 4.78285, 4.76933, 4.75507, 4.74004, 4.72421, 4.70754, 4.68999, 4.67153, 4.65211, 4.6317, 4.61025, 4.58772, 4.56406, 4.53924, 4.51319, 4.48588, 4.45724, 4.42723, 4.3958, 4.36288, 4.32843, 4.29237, 4.25466, 4.21523, 
4.99787, 4.99786, 4.99784, 4.99782, 4.99778, 4.99774, 4.99769, 4.99763, 4.99756, 4.99748, 4.99739, 4.99729, 4.99717, 4.99705, 4.9969, 4.99675, 4.99658, 4.99639, 4.99618, 4.99595, 4.9957, 4.99543, 4.99513, 4.9948, 4.99445, 4.99407, 4.99365, 4.99319, 4.9927, 4.99216, 4.99158, 4.99096, 4.99027, 4.98954, 4.98874, 4.98788, 4.98695, 4.98594, 4.98486, 4.98369, 4.98243, 4.98107, 4.97961, 4.97804, 4.97635, 4.97454, 4.97259, 4.97051, 4.96827, 4.96587, 4.96329, 4.96054, 4.9576, 4.95445, 4.95109, 4.9475, 4.94367, 4.93958, 4.93522, 4.93058, 4.92564, 4.92038, 4.91479, 4.90884, 4.90252, 4.89582, 4.8887, 4.88115, 4.87314, 4.86466, 4.85568, 4.84618, 4.83612, 4.82548, 4.81424, 4.80237, 4.78983, 4.77659, 4.76263, 4.74791, 4.7324, 4.71606, 4.69885, 4.68074, 4.66168, 4.64164, 4.62058, 4.59844, 4.5752, 4.55079, 4.52518, 4.49831, 4.47013, 4.44059, 4.40965, 4.37723, 4.34329, 4.30777, 4.2706, 4.23172, 
4.99817, 4.99817, 4.99815, 4.99813, 4.9981, 4.99806, 4.99801, 4.99796, 4.9979, 4.99782, 4.99774, 4.99765, 4.99754, 4.99743, 4.9973, 4.99715, 4.997, 4.99682, 4.99663, 4.99642, 4.99619, 4.99594, 4.99566, 4.99536, 4.99503, 4.99467, 4.99428, 4.99386, 4.9934, 4.9929, 4.99235, 4.99176, 4.99112, 4.99043, 4.98967, 4.98886, 4.98798, 4.98703, 4.986, 4.98489, 4.98369, 4.9824, 4.981, 4.97951, 4.97789, 4.97616, 4.97429, 4.97229, 4.97014, 4.96783, 4.96536, 4.96271, 4.95988, 4.95684, 4.9536, 4.95013, 4.94642, 4.94247, 4.93825, 4.93375, 4.92896, 4.92386, 4.91843, 4.91265, 4.90651, 4.89998, 4.89305, 4.8857, 4.8779, 4.86963, 4.86086, 4.85158, 4.84176, 4.83136, 4.82037, 4.80876, 4.79649, 4.78353, 4.76986, 4.75544, 4.74023, 4.72421, 4.70733, 4.68955, 4.67085, 4.65117, 4.63047, 4.60872, 4.58587, 4.56187, 4.53668, 4.51024, 4.48251, 4.45343, 4.42295, 4.39102, 4.35758, 4.32257, 4.28593, 4.24759, 
4.99844, 4.99844, 4.99842, 4.9984, 4.99838, 4.99834, 4.9983, 4.99825, 4.99819, 4.99813, 4.99805, 4.99797, 4.99787, 4.99777, 4.99765, 4.99752, 4.99737, 4.99721, 4.99704, 4.99684, 4.99663, 4.9964, 4.99614, 4.99586, 4.99556, 4.99523, 4.99486, 4.99447, 4.99404, 4.99357, 4.99306, 4.9925, 4.9919, 4.99124, 4.99053, 4.98976, 4.98893, 4.98803, 4.98705, 4.986, 4.98486, 4.98363, 4.9823, 4.98087, 4.97933, 4.97767, 4.97588, 4.97396, 4.97189, 4.96968, 4.9673, 4.96475, 4.96202, 4.95909, 4.95596, 4.9526, 4.94902, 4.94519, 4.94111, 4.93675, 4.9321, 4.92715, 4.92187, 4.91626, 4.91028, 4.90393, 4.89718, 4.89002, 4.88241, 4.87434, 4.86579, 4.85673, 4.84713, 4.83697, 4.82622, 4.81486, 4.80285, 4.79016, 4.77677, 4.76263, 4.74772, 4.732, 4.71544, 4.69799, 4.67962, 4.66029, 4.63996, 4.61858, 4.59611, 4.5725, 4.54771, 4.52169, 4.49439, 4.46575, 4.43573, 4.40427, 4.37131, 4.33679, 4.30066, 4.26285, 
4.99868, 4.99867, 4.99866, 4.99864, 4.99862, 4.99859, 4.99855, 4.99851, 4.99846, 4.9984, 4.99833, 4.99825, 4.99816, 4.99807, 4.99796, 4.99784, 4.99771, 4.99756, 4.9974, 4.99722, 4.99703, 4.99681, 4.99658, 4.99632, 4.99603, 4.99573, 4.99539, 4.99502, 4.99462, 4.99418, 4.9937, 4.99318, 4.99261, 4.99199, 4.99132, 4.9906, 4.98981, 4.98895, 4.98803, 4.98703, 4.98594, 4.98477, 4.9835, 4.98214, 4.98066, 4.97907, 4.97736, 4.97552, 4.97354, 4.97141, 4.96912, 4.96666, 4.96403, 4.9612, 4.95818, 4.95494, 4.95147, 4.94777, 4.94381, 4.93958, 4.93507, 4.93026, 4.92513, 4.91967, 4.91386, 4.90768, 4.90111, 4.89412, 4.8867, 4.87883, 4.87048, 4.86163, 4.85225, 4.84231, 4.8318, 4.82068, 4.80892, 4.79649, 4.78336, 4.76951, 4.75488, 4.73946, 4.7232, 4.70607, 4.68802, 4.66903, 4.64904, 4.62802, 4.60591, 4.58269, 4.55829, 4.53267, 4.50579, 4.47758, 4.448, 4.41699, 4.3845, 4.35046, 4.31482, 4.27752, 
4.99889, 4.99888, 4.99887, 4.99886, 4.99883, 4.99881, 4.99877, 4.99873, 4.99869, 4.99863, 4.99857, 4.9985, 4.99842, 4.99834, 4.99824, 4.99813, 4.99801, 4.99787, 4.99772, 4.99756, 4.99738, 4.99718, 4.99697, 4.99673, 4.99646, 4.99618, 4.99586, 4.99552, 4.99514, 4.99473, 4.99428, 4.9938, 4.99326, 4.99268, 4.99205, 4.99136, 4.99062, 4.98981, 4.98893, 4.98798, 4.98695, 4.98583, 4.98462, 4.98332, 4.98191, 4.98039, 4.97875, 4.97698, 4.97507, 4.97303, 4.97082, 4.96846, 4.96592, 4.96319, 4.96027, 4.95713, 4.95378, 4.95019, 4.94636, 4.94226, 4.93788, 4.93321, 4.92822, 4.92291, 4.91725, 4.91123, 4.90483, 4.89802, 4.89078, 4.8831, 4.87494, 4.86629, 4.85712, 4.8474, 4.83711, 4.82622, 4.81471, 4.80253, 4.78966, 4.77607, 4.76172, 4.74658, 4.73062, 4.71379, 4.69606, 4.67739, 4.65773, 4.63706, 4.61531, 4.59245, 4.56843, 4.54321, 4.51672, 4.48893, 4.45977, 4.4292, 4.39716, 4.36359, 4.32843, 4.29162, 
4.99907, 4.99907, 4.99906, 4.99904, 4.99902, 4.999, 4.99897, 4.99893, 4.99889, 4.99884, 4.99878, 4.99872, 4.99865, 4.99857, 4.99848, 4.99838, 4.99827, 4.99815, 4.99801, 4.99786, 4.9977, 4.99752, 4.99732, 4.9971, 4.99685, 4.99659, 4.99629, 4.99597, 4.99562, 4.99524, 4.99482, 4.99436, 4.99386, 4.99331, 4.99272, 4.99207, 4.99136, 4.9906, 4.98976, 4.98886, 4.98788, 4.98681, 4.98566, 4.98441, 4.98307, 4.98161, 4.98004, 4.97834, 4.97651, 4.97454, 4.97242, 4.97014, 4.96769, 4.96506, 4.96223, 4.9592, 4.95596, 4.95248, 4.94876, 4.94478, 4.94053, 4.93599, 4.93114, 4.92598, 4.92047, 4.9146, 4.90836, 4.90172, 4.89465, 4.88715, 4.87918, 4.87073, 4.86176, 4.85225, 4.84218, 4.83151, 4.82022, 4.80829, 4.79567, 4.78233, 4.76825, 4.75339, 4.73771, 4.72117, 4.70374, 4.68539, 4.66606, 4.64571, 4.62431, 4.6018, 4.57815, 4.5533, 4.5272, 4.49981, 4.47107, 4.44092, 4.40931, 4.37619, 4.34149, 4.30516, 
4.99923, 4.99922, 4.99921, 4.9992, 4.99918, 4.99916, 4.99914, 4.9991, 4.99907, 4.99902, 4.99897, 4.99891, 4.99885, 4.99878, 4.9987, 4.99861, 4.99851, 4.9984, 4.99827, 4.99814, 4.99798, 4.99782, 4.99763, 4.99743, 4.9972, 4.99696, 4.99668, 4.99639, 4.99606, 4.9957, 4.99531, 4.99488, 4.99441, 4.99389, 4.99333, 4.99272, 4.99205, 4.99132, 4.99053, 4.98967, 4.98874, 4.98773, 4.98663, 4.98543, 4.98415, 4.98275, 4.98124, 4.97961, 4.97785, 4.97596, 4.97392, 4.97172, 4.96935, 4.96681, 4.96408, 4.96115, 4.958, 4.95464, 4.95103, 4.94717, 4.94304, 4.93862, 4.93391, 4.92888, 4.92351, 4.9178, 4.91171, 4.90522, 4.89833, 4.891, 4.88321, 4.87494, 4.86617, 4.85686, 4.847, 4.83655, 4.82548, 4.81378, 4.8014, 4.78831, 4.77448, 4.75988, 4.74448, 4.72823, 4.71109, 4.69304, 4.67402, 4.65399, 4.63292, 4.61076, 4.58746, 4.56297, 4.53725, 4.51024, 4.48189, 4.45216, 4.42097, 4.38828, 4.35403, 4.31815, 
4.99936, 4.99936, 4.99935, 4.99934, 4.99933, 4.99931, 4.99928, 4.99925, 4.99922, 4.99918, 4.99914, 4.99908, 4.99903, 4.99896, 4.99889, 4.99881, 4.99872, 4.99861, 4.9985, 4.99838, 4.99824, 4.99808, 4.99791, 4.99772, 4.99752, 4.99729, 4.99704, 4.99676, 4.99645, 4.99612, 4.99575, 4.99535, 4.99491, 4.99442, 4.99389, 4.99331, 4.99268, 4.99199, 4.99124, 4.99043, 4.98954, 4.98857, 4.98752, 4.98638, 4.98515, 4.98381, 4.98236, 4.9808, 4.97911, 4.97729, 4.97532, 4.9732, 4.97091, 4.96846, 4.96582, 4.96298, 4.95993, 4.95667, 4.95316, 4.94941, 4.9454, 4.94111, 4.93652, 4.93162, 4.9264, 4.92082, 4.91488, 4.90855, 4.90182, 4.89465, 4.88704, 4.87895, 4.87036, 4.86125, 4.85158, 4.84134, 4.83049, 4.81901, 4.80686, 4.79401, 4.78043, 4.76609, 4.75094, 4.73496, 4.71811, 4.70035, 4.68163, 4.66191, 4.64116, 4.61933, 4.59637, 4.57223, 4.54687, 4.52023, 4.49227, 4.46293, 4.43215, 4.39988, 4.36605, 4.33062, 
4.99948, 4.99948, 4.99947, 4.99946, 4.99945, 4.99943, 4.99941, 4.99938, 4.99935, 4.99932, 4.99928, 4.99923, 4.99918, 4.99912, 4.99906, 4.99898, 4.9989, 4.99881, 4.9987, 4.99859, 4.99846, 4.99832, 4.99816, 4.99799, 4.9978, 4.99759, 4.99735, 4.9971, 4.99681, 4.9965, 4.99615, 4.99578, 4.99536, 4.99491, 4.99441, 4.99386, 4.99326, 4.99261, 4.9919, 4.99112, 4.99027, 4.98935, 4.98835, 4.98726, 4.98608, 4.9848, 4.98341, 4.98191, 4.98028, 4.97853, 4.97663, 4.97458, 4.97238, 4.97, 4.96745, 4.9647, 4.96175, 4.95858, 4.95518, 4.95154, 4.94763, 4.94346, 4.93899, 4.93422, 4.92912, 4.92369, 4.91789, 4.91171, 4.90513, 4.89812, 4.89067, 4.88276, 4.87435, 4.86542, 4.85595, 4.8459, 4.83526, 4.82399, 4.81206, 4.79944, 4.7861, 4.772, 4.75711, 4.7414, 4.72482, 4.70733, 4.6889, 4.66948, 4.64904, 4.62752, 4.60489, 4.58109, 4.55608, 4.5298, 4.50221, 4.47324, 4.44286, 4.41099, 4.37758, 4.34257, 
4.99958, 4.99958, 4.99957, 4.99956, 4.99955, 4.99954, 4.99952, 4.99949, 4.99947, 4.99944, 4.9994, 4.99936, 4.99931, 4.99926, 4.9992, 4.99914, 4.99906, 4.99898, 4.99888, 4.99878, 4.99866, 4.99853, 4.99839, 4.99823, 4.99805, 4.99786, 4.99764, 4.9974, 4.99713, 4.99684, 4.99652, 4.99617, 4.99578, 4.99535, 4.99488, 4.99436, 4.9938, 4.99318, 4.9925, 4.99176, 4.99096, 4.99008, 4.98912, 4.98808, 4.98695, 4.98572, 4.98439, 4.98294, 4.98138, 4.97968, 4.97786, 4.97588, 4.97375, 4.97145, 4.96898, 4.96632, 4.96345, 4.96038, 4.95708, 4.95354, 4.94974, 4.94568, 4.94133, 4.93667, 4.9317, 4.9264, 4.92073, 4.9147, 4.90826, 4.90141, 4.89412, 4.88637, 4.87813, 4.86938, 4.86009, 4.85024, 4.8398, 4.82874, 4.81702, 4.80462, 4.79151, 4.77765, 4.763, 4.74754, 4.73121, 4.714, 4.69584, 4.67672, 4.65657, 4.63536, 4.61304, 4.58957, 4.56489, 4.53896, 4.51172, 4.48312, 4.45311, 4.42163, 4.38863, 4.35403, 
4.99967, 4.99967, 4.99966, 4.99965, 4.99964, 4.99963, 4.99961, 4.99959, 4.99957, 4.99954, 4.99951, 4.99947, 4.99943, 4.99938, 4.99933, 4.99927, 4.9992, 4.99913, 4.99904, 4.99895, 4.99884, 4.99872, 4.99859, 4.99844, 4.99828, 4.9981, 4.9979, 4.99767, 4.99743, 4.99715, 4.99685, 4.99652, 4.99615, 4.99575, 4.99531, 4.99482, 4.99428, 4.9937, 4.99306, 4.99235, 4.99158, 4.99075, 4.98983, 4.98884, 4.98775, 4.98657, 4.98529, 4.9839, 4.9824, 4.98077, 4.979, 4.97709, 4.97503, 4.97281, 4.97042, 4.96783, 4.96506, 4.96207, 4.95886, 4.95542, 4.95173, 4.94777, 4.94353, 4.93899, 4.93414, 4.92896, 4.92343, 4.91753, 4.91123, 4.90453, 4.89739, 4.8898, 4.88173, 4.87315, 4.86404, 4.85437, 4.84412, 4.83325, 4.82174, 4.80955, 4.79666, 4.78302, 4.76861, 4.75339, 4.73732, 4.72036, 4.70247, 4.68362, 4.66376, 4.64284, 4.62083, 4.59767, 4.57331, 4.54771, 4.52082, 4.49257, 4.46293, 4.43182, 4.3992, 4.365, 
4.99974, 4.99974, 4.99973, 4.99973, 4.99972, 4.99971, 4.99969, 4.99967, 4.99965, 4.99963, 4.9996, 4.99957, 4.99953, 4.99949, 4.99944, 4.99939, 4.99933, 4.99926, 4.99918, 4.99909, 4.999, 4.99889, 4.99877, 4.99863, 4.99848, 4.99831, 4.99813, 4.99792, 4.99769, 4.99744, 4.99715, 4.99684, 4.9965, 4.99612, 4.9957, 4.99524, 4.99473, 4.99418, 4.99357, 4.9929, 4.99216, 4.99136, 4.99049, 4.98954, 4.9885, 4.98737, 4.98614, 4.9848, 4.98335, 4.98178, 4.98007, 4.97823, 4.97624, 4.97408, 4.97176, 4.96926, 4.96656, 4.96366, 4.96054, 4.95719, 4.9536, 4.94974, 4.94561, 4.94118, 4.93645, 4.93139, 4.92598, 4.92021, 4.91405, 4.90749, 4.90049, 4.89305, 4.88514, 4.87672, 4.86778, 4.85829, 4.84822, 4.83754, 4.82623, 4.81424, 4.80156, 4.78814, 4.77395, 4.75896, 4.74313, 4.72642, 4.7088, 4.69021, 4.67062, 4.64999, 4.62826, 4.6054, 4.58136, 4.55608, 4.52951, 4.50161, 4.47231, 4.44157, 4.40931, 4.3755, 
4.9998, 4.9998, 4.9998, 4.99979, 4.99978, 4.99977, 4.99976, 4.99974, 4.99972, 4.9997, 4.99968, 4.99965, 4.99962, 4.99958, 4.99954, 4.99949, 4.99943, 4.99937, 4.9993, 4.99922, 4.99913, 4.99904, 4.99893, 4.9988, 4.99866, 4.99851, 4.99833, 4.99814, 4.99793, 4.99769, 4.99743, 4.99713, 4.99681, 4.99645, 4.99606, 4.99562, 4.99514, 4.99462, 4.99404, 4.9934, 4.9927, 4.99194, 4.9911, 4.99019, 4.98919, 4.9881, 4.98692, 4.98563, 4.98424, 4.98272, 4.98107, 4.97929, 4.97736, 4.97528, 4.97303, 4.9706, 4.96798, 4.96516, 4.96213, 4.95886, 4.95536, 4.9516, 4.94757, 4.94325, 4.93862, 4.93368, 4.92839, 4.92274, 4.91671, 4.91028, 4.90343, 4.89614, 4.88837, 4.88011, 4.87133, 4.86201, 4.85212, 4.84162, 4.83049, 4.8187, 4.80622, 4.79301, 4.77904, 4.76428, 4.74868, 4.7322, 4.71482, 4.69649, 4.67717, 4.6568, 4.63536, 4.61279, 4.58904, 4.56407, 4.53782, 4.51024, 4.48128, 4.45088, 4.41898, 4.38553, 
4.99985, 4.99985, 4.99985, 4.99984, 4.99984, 4.99983, 4.99982, 4.9998, 4.99979, 4.99977, 4.99974, 4.99972, 4.99969, 4.99966, 4.99962, 4.99958, 4.99953, 4.99947, 4.99941, 4.99934, 4.99926, 4.99917, 4.99906, 4.99895, 4.99882, 4.99868, 4.99852, 4.99834, 4.99814, 4.99792, 4.99767, 4.9974, 4.9971, 4.99676, 4.99639, 4.99597, 4.99552, 4.99502, 4.99447, 4.99386, 4.99319, 4.99246, 4.99166, 4.99079, 4.98983, 4.98879, 4.98765, 4.98641, 4.98506, 4.9836, 4.98201, 4.98028, 4.97842, 4.97639, 4.97421, 4.97185, 4.96931, 4.96656, 4.96361, 4.96043, 4.95702, 4.95335, 4.94942, 4.9452, 4.94068, 4.93584, 4.93066, 4.92514, 4.91923, 4.91293, 4.90621, 4.89906, 4.89143, 4.88333, 4.8747, 4.86554, 4.85582, 4.84549, 4.83455, 4.82294, 4.81065, 4.79764, 4.78388, 4.76933, 4.75395, 4.73771, 4.72056, 4.70247, 4.6834, 4.6633, 4.64212, 4.61983, 4.59637, 4.57169, 4.54574, 4.51848, 4.48984, 4.45977, 4.42822, 4.39512, 
4.9999, 4.9999, 4.99989, 4.99989, 4.99988, 4.99987, 4.99986, 4.99985, 4.99984, 4.99982, 4.9998, 4.99978, 4.99975, 4.99972, 4.99969, 4.99965, 4.99961, 4.99956, 4.9995, 4.99944, 4.99936, 4.99928, 4.99919, 4.99908, 4.99897, 4.99883, 4.99869, 4.99852, 4.99833, 4.99813, 4.9979, 4.99764, 4.99735, 4.99704, 4.99668, 4.99629, 4.99586, 4.99539, 4.99486, 4.99428, 4.99365, 4.99295, 4.99218, 4.99134, 4.99043, 4.98942, 4.98833, 4.98713, 4.98583, 4.98442, 4.98288, 4.98121, 4.9794, 4.97744, 4.97532, 4.97303, 4.97055, 4.96788, 4.96501, 4.96191, 4.95858, 4.955, 4.95116, 4.94703, 4.94261, 4.93788, 4.93281, 4.9274, 4.92161, 4.91543, 4.90884, 4.90182, 4.89434, 4.88637, 4.8779, 4.86889, 4.85932, 4.84917, 4.83839, 4.82697, 4.81486, 4.80204, 4.78848, 4.77413, 4.75896, 4.74294, 4.72602, 4.70817, 4.68934, 4.66949, 4.64857, 4.62654, 4.60335, 4.57896, 4.5533, 4.52634, 4.49801, 4.46826, 4.43703, 4.40427, 
4.99993, 4.99993, 4.99993, 4.99992, 4.99992, 4.99991, 4.9999, 4.99989, 4.99988, 4.99987, 4.99985, 4.99983, 4.99981, 4.99978, 4.99975, 4.99972, 4.99968, 4.99963, 4.99958, 4.99952, 4.99946, 4.99938, 4.9993, 4.9992, 4.99909, 4.99897, 4.99883, 4.99868, 4.99851, 4.99831, 4.9981, 4.99786, 4.99759, 4.99729, 4.99696, 4.99659, 4.99618, 4.99573, 4.99523, 4.99467, 4.99407, 4.9934, 4.99266, 4.99186, 4.99098, 4.99001, 4.98895, 4.9878, 4.98655, 4.98518, 4.98369, 4.98207, 4.98032, 4.97842, 4.97636, 4.97413, 4.97172, 4.96912, 4.96632, 4.9633, 4.96004, 4.95655, 4.95279, 4.94876, 4.94444, 4.9398, 4.93484, 4.92953, 4.92386, 4.9178, 4.91133, 4.90443, 4.89708, 4.88925, 4.88092, 4.87206, 4.86265, 4.85265, 4.84204, 4.83078, 4.81886, 4.80622, 4.79285, 4.77869, 4.76373, 4.74792, 4.73121, 4.71358, 4.69498, 4.67537, 4.6547, 4.63292, 4.61, 4.58587, 4.5605, 4.53382, 4.50579, 4.47635, 4.44543, 4.413, 
4.99996, 4.99996, 4.99996, 4.99995, 4.99995, 4.99994, 4.99994, 4.99993, 4.99992, 4.99991, 4.99989, 4.99987, 4.99985, 4.99983, 4.9998, 4.99977, 4.99974, 4.9997, 4.99965, 4.9996, 4.99954, 4.99947, 4.99939, 4.99931, 4.99921, 4.99909, 4.99897, 4.99882, 4.99866, 4.99848, 4.99828, 4.99805, 4.9978, 4.99752, 4.9972, 4.99685, 4.99646, 4.99603, 4.99556, 4.99503, 4.99445, 4.99381, 4.99311, 4.99233, 4.99149, 4.99055, 4.98954, 4.98842, 4.98721, 4.98589, 4.98445, 4.98288, 4.98117, 4.97933, 4.97732, 4.97516, 4.97281, 4.97028, 4.96754, 4.9646, 4.96142, 4.95801, 4.95433, 4.95039, 4.94615, 4.94161, 4.93675, 4.93155, 4.92598, 4.92003, 4.91368, 4.9069, 4.89967, 4.89198, 4.88378, 4.87506, 4.86579, 4.85595, 4.84549, 4.8344, 4.82264, 4.81018, 4.79699, 4.78302, 4.76825, 4.75264, 4.73614, 4.71873, 4.70035, 4.68096, 4.66053, 4.63899, 4.61632, 4.59245, 4.56735, 4.54094, 4.51319, 4.48404, 4.45343, 4.4213, 
4.99999, 4.99998, 4.99998, 4.99998, 4.99998, 4.99997, 4.99996, 4.99996, 4.99995, 4.99994, 4.99992, 4.99991, 4.99989, 4.99987, 4.99985, 4.99982, 4.99979, 4.99975, 4.99971, 4.99966, 4.99961, 4.99955, 4.99948, 4.9994, 4.99931, 4.9992, 4.99908, 4.99895, 4.9988, 4.99863, 4.99844, 4.99823, 4.99799, 4.99772, 4.99743, 4.9971, 4.99673, 4.99632, 4.99586, 4.99536, 4.9948, 4.99419, 4.99352, 4.99277, 4.99196, 4.99106, 4.99008, 4.989, 4.98783, 4.98655, 4.98515, 4.98363, 4.98197, 4.98018, 4.97823, 4.97612, 4.97383, 4.97136, 4.9687, 4.96582, 4.96271, 4.95937, 4.95578, 4.95192, 4.94777, 4.94332, 4.93855, 4.93344, 4.92798, 4.92213, 4.91589, 4.90923, 4.90212, 4.89455, 4.88648, 4.8779, 4.86877, 4.85907, 4.84876, 4.83783, 4.82623, 4.81393, 4.80091, 4.78712, 4.77254, 4.75712, 4.74082, 4.72361, 4.70544, 4.68627, 4.66606, 4.64476, 4.62232, 4.59871, 4.57385, 4.54771, 4.52023, 4.49136, 4.46104, 4.4292, 
5, 5, 5, 5, 5, 4.99999, 4.99999, 4.99998, 4.99997, 4.99996, 4.99995, 4.99994, 4.99992, 4.99991, 4.99989, 4.99986, 4.99983, 4.9998, 4.99976, 4.99972, 4.99967, 4.99962, 4.99955, 4.99948, 4.99939, 4.9993, 4.99919, 4.99906, 4.99893, 4.99877, 4.99859, 4.99839, 4.99816, 4.99791, 4.99763, 4.99732, 4.99697, 4.99658, 4.99614, 4.99566, 4.99513, 4.99454, 4.99389, 4.99318, 4.99239, 4.99152, 4.99058, 4.98954, 4.9884, 4.98716, 4.9858, 4.98433, 4.98272, 4.98097, 4.97907, 4.97702, 4.97479, 4.97238, 4.96977, 4.96696, 4.96392, 4.96066, 4.95714, 4.95335, 4.94929, 4.94492, 4.94024, 4.93523, 4.92986, 4.92412, 4.91798, 4.91142, 4.90443, 4.89698, 4.88903, 4.88057, 4.87158, 4.86201, 4.85185, 4.84106, 4.82962, 4.81748, 4.80462, 4.79101, 4.7766, 4.76136, 4.74525, 4.72823, 4.71026, 4.6913, 4.6713, 4.65023, 4.62802, 4.60464, 4.58003, 4.55414, 4.52692, 4.49831, 4.46826, 4.43671, 
5.00002, 5.00002, 5.00002, 5.00002, 5.00001, 5.00001, 5.00001, 5, 4.99999, 4.99999, 4.99998, 4.99996, 4.99995, 4.99994, 4.99992, 4.9999, 4.99987, 4.99984, 4.99981, 4.99977, 4.99973, 4.99968, 4.99962, 4.99955, 4.99947, 4.99938, 4.99928, 4.99917, 4.99904, 4.99889, 4.99872, 4.99853, 4.99832, 4.99808, 4.99782, 4.99752, 4.99718, 4.99681, 4.9964, 4.99594, 4.99543, 4.99486, 4.99424, 4.99355, 4.99279, 4.99196, 4.99104, 4.99003, 4.98893, 4.98773, 4.98641, 4.98497, 4.98341, 4.98171, 4.97986, 4.97786, 4.97568, 4.97333, 4.97078, 4.96803, 4.96506, 4.96186, 4.95841, 4.9547, 4.95071, 4.94642, 4.94183, 4.9369, 4.93163, 4.92598, 4.91994, 4.91349, 4.90661, 4.89926, 4.89144, 4.8831, 4.87423, 4.86479, 4.85477, 4.84412, 4.83282, 4.82083, 4.80813, 4.79467, 4.78043, 4.76536, 4.74943, 4.7326, 4.71482, 4.69606, 4.67627, 4.6554, 4.63341, 4.61025, 4.58587, 4.56022, 4.53325, 4.5049, 4.47511, 4.44383, 
5.00003, 5.00003, 5.00003, 5.00003, 5.00003, 5.00002, 5.00002, 5.00002, 5.00001, 5, 5, 4.99999, 4.99997, 4.99996, 4.99994, 4.99993, 4.9999, 4.99988, 4.99985, 4.99981, 4.99977, 4.99973, 4.99967, 4.99961, 4.99954, 4.99946, 4.99936, 4.99926, 4.99913, 4.999, 4.99884, 4.99866, 4.99846, 4.99824, 4.99798, 4.9977, 4.99738, 4.99703, 4.99663, 4.99619, 4.9957, 4.99516, 4.99456, 4.99389, 4.99316, 4.99235, 4.99147, 4.99049, 4.98942, 4.98825, 4.98697, 4.98558, 4.98406, 4.9824, 4.98059, 4.97864, 4.97651, 4.97421, 4.97172, 4.96903, 4.96612, 4.96298, 4.9596, 4.95596, 4.95204, 4.94783, 4.94332, 4.93848, 4.93329, 4.92773, 4.92179, 4.91543, 4.90865, 4.90141, 4.8937, 4.88547, 4.87672, 4.86741, 4.85751, 4.847, 4.83583, 4.82399, 4.81144, 4.79814, 4.78405, 4.76915, 4.75339, 4.73673, 4.71914, 4.70056, 4.68096, 4.66029, 4.63851, 4.61557, 4.59141, 4.56598, 4.53924, 4.51113, 4.48159, 4.45056, 
5.00004, 5.00004, 5.00004, 5.00004, 5.00004, 5.00004, 5.00003, 5.00003, 5.00002, 5.00002, 5.00001, 5, 4.99999, 4.99998, 4.99997, 4.99995, 4.99993, 4.99991, 4.99988, 4.99985, 4.99981, 4.99977, 4.99972, 4.99966, 4.9996, 4.99952, 4.99944, 4.99934, 4.99922, 4.99909, 4.99895, 4.99878, 4.99859, 4.99838, 4.99814, 4.99786, 4.99756, 4.99722, 4.99684, 4.99642, 4.99595, 4.99543, 4.99485, 4.99421, 4.9935, 4.99272, 4.99186, 4.99091, 4.98988, 4.98874, 4.9875, 4.98614, 4.98465, 4.98304, 4.98128, 4.97936, 4.97729, 4.97503, 4.9726, 4.96996, 4.96711, 4.96403, 4.96071, 4.95714, 4.95329, 4.94915, 4.94471, 4.93995, 4.93484, 4.92937, 4.92352, 4.91726, 4.91057, 4.90343, 4.89582, 4.88771, 4.87907, 4.86987, 4.8601, 4.84971, 4.83867, 4.82697, 4.81455, 4.8014, 4.78746, 4.77272, 4.75712, 4.74063, 4.7232, 4.7048, 4.68539, 4.66491, 4.64332, 4.62058, 4.59663, 4.57142, 4.5449, 4.51702, 4.48771, 4.45693, 
5.00005, 5.00005, 5.00005, 5.00005, 5.00005, 5.00004, 5.00004, 5.00004, 5.00003, 5.00003, 5.00002, 5.00002, 5.00001, 5, 4.99999, 4.99997, 4.99995, 4.99993, 4.99991, 4.99988, 4.99985, 4.99981, 4.99976, 4.99971, 4.99965, 4.99958, 4.9995, 4.99941, 4.9993, 4.99918, 4.99904, 4.99888, 4.9987, 4.9985, 4.99827, 4.99801, 4.99772, 4.9974, 4.99704, 4.99663, 4.99618, 4.99567, 4.99512, 4.9945, 4.99381, 4.99306, 4.99222, 4.9913, 4.9903, 4.98919, 4.98798, 4.98665, 4.98521, 4.98363, 4.98191, 4.98004, 4.97801, 4.9758, 4.97341, 4.97082, 4.96803, 4.96501, 4.96175, 4.95824, 4.95445, 4.95039, 4.94602, 4.94133, 4.9363, 4.93091, 4.92514, 4.91896, 4.91237, 4.90533, 4.89781, 4.8898, 4.88127, 4.87218, 4.86252, 4.85225, 4.84134, 4.82976, 4.81748, 4.80446, 4.79067, 4.77607, 4.76062, 4.74429, 4.72703, 4.7088, 4.68956, 4.66926, 4.64786, 4.6253, 4.60155, 4.57654, 4.55023, 4.52257, 4.49348, 4.46293, 
5.00006, 5.00005, 5.00005, 5.00005, 5.00005, 5.00005, 5.00005, 5.00005, 5.00004, 5.00004, 5.00003, 5.00003, 5.00002, 5.00001, 5, 4.99999, 4.99997, 4.99995, 4.99993, 4.99991, 4.99988, 4.99984, 4.9998, 4.99975, 4.9997, 4.99963, 4.99956, 4.99947, 4.99937, 4.99926, 4.99913, 4.99898, 4.99881, 4.99861, 4.9984, 4.99815, 4.99787, 4.99756, 4.99721, 4.99682, 4.99639, 4.9959, 4.99536, 4.99476, 4.9941, 4.99336, 4.99256, 4.99166, 4.99068, 4.98961, 4.98842, 4.98713, 4.98572, 4.98418, 4.98249, 4.98066, 4.97867, 4.97651, 4.97417, 4.97163, 4.96888, 4.96592, 4.96271, 4.95926, 4.95554, 4.95154, 4.94723, 4.94261, 4.93765, 4.93234, 4.92665, 4.92056, 4.91405, 4.9071, 4.89967, 4.89176, 4.88333, 4.87435, 4.86479, 4.85463, 4.84384, 4.83238, 4.82023, 4.80734, 4.79368, 4.77922, 4.76391, 4.74773, 4.73062, 4.71255, 4.69347, 4.67334, 4.65211, 4.62974, 4.60617, 4.58136, 4.55525, 4.52778, 4.49891, 4.46857, 
5.00006, 5.00006, 5.00006, 5.00006, 5.00006, 5.00006, 5.00005, 5.00005, 5.00005, 5.00005, 5.00004, 5.00004, 5.00003, 5.00002, 5.00001, 5, 4.99999, 4.99997, 4.99995, 4.99993, 4.9999, 4.99987, 4.99983, 4.99979, 4.99974, 4.99968, 4.99961, 4.99953, 4.99943, 4.99933, 4.9992, 4.99906, 4.9989, 4.99872, 4.99851, 4.99827, 4.99801, 4.99771, 4.99737, 4.997, 4.99658, 4.99611, 4.99558, 4.995, 4.99436, 4.99365, 4.99286, 4.99199, 4.99104, 4.98999, 4.98884, 4.98757, 4.98619, 4.98468, 4.98304, 4.98124, 4.97929, 4.97717, 4.97487, 4.97238, 4.96968, 4.96676, 4.96361, 4.96021, 4.95655, 4.95261, 4.94837, 4.94381, 4.93892, 4.93368, 4.92806, 4.92205, 4.91562, 4.90875, 4.90141, 4.89359, 4.88525, 4.87637, 4.86691, 4.85686, 4.84618, 4.83483, 4.82279, 4.81003, 4.79649, 4.78216, 4.76699, 4.75095, 4.73398, 4.71606, 4.69714, 4.67717, 4.6561, 4.6339, 4.61051, 4.58587, 4.55995, 4.53268, 4.504, 4.47387, 
5.00006, 5.00006, 5.00006, 5.00006, 5.00006, 5.00006, 5.00006, 5.00006, 5.00005, 5.00005, 5.00005, 5.00004, 5.00004, 5.00003, 5.00002, 5.00001, 5, 4.99999, 4.99997, 4.99995, 4.99993, 4.9999, 4.99986, 4.99982, 4.99977, 4.99972, 4.99965, 4.99958, 4.99949, 4.99939, 4.99927, 4.99914, 4.99898, 4.99881, 4.99861, 4.99838, 4.99813, 4.99784, 4.99752, 4.99715, 4.99675, 4.99629, 4.99579, 4.99523, 4.9946, 4.99391, 4.99314, 4.9923, 4.99137, 4.99034, 4.98921, 4.98798, 4.98663, 4.98515, 4.98354, 4.98178, 4.97986, 4.97778, 4.97552, 4.97307, 4.97042, 4.96755, 4.96444, 4.9611, 4.95749, 4.9536, 4.94942, 4.94492, 4.9401, 4.93492, 4.92937, 4.92343, 4.91708, 4.91028, 4.90303, 4.89529, 4.88704, 4.87825, 4.86889, 4.85894, 4.84836, 4.83712, 4.82519, 4.81253, 4.79912, 4.78491, 4.76987, 4.75395, 4.73712, 4.71934, 4.70056, 4.68074, 4.65983, 4.63779, 4.61456, 4.59009, 4.56434, 4.53725, 4.50876, 4.47882, 
5.00006, 5.00006, 5.00006, 5.00006, 5.00006, 5.00006, 5.00006, 5.00006, 5.00006, 5.00006, 5.00005, 5.00005, 5.00004, 5.00004, 5.00003, 5.00002, 5.00001, 5, 4.99999, 4.99997, 4.99994, 4.99992, 4.99989, 4.99985, 4.9998, 4.99975, 4.99969, 4.99962, 4.99954, 4.99944, 4.99933, 4.9992, 4.99906, 4.99889, 4.9987, 4.99848, 4.99824, 4.99796, 4.99765, 4.9973, 4.9969, 4.99647, 4.99597, 4.99543, 4.99482, 4.99415, 4.9934, 4.99257, 4.99166, 4.99066, 4.98956, 4.98835, 4.98703, 4.98558, 4.98399, 4.98227, 4.98039, 4.97834, 4.97612, 4.97371, 4.9711, 4.96827, 4.96521, 4.96191, 4.95835, 4.95452, 4.95039, 4.94595, 4.94118, 4.93607, 4.93058, 4.92471, 4.91843, 4.91171, 4.90453, 4.89687, 4.8887, 4.88, 4.87073, 4.86087, 4.85038, 4.83924, 4.82741, 4.81486, 4.80156, 4.78746, 4.77254, 4.75675, 4.74004, 4.72239, 4.70375, 4.68407, 4.6633, 4.6414, 4.61833, 4.59402, 4.56844, 4.54151, 4.5132, 4.48343, 
5.00007, 5.00007, 5.00007, 5.00007, 5.00007, 5.00006, 5.00006, 5.00006, 5.00006, 5.00006, 5.00006, 5.00005, 5.00005, 5.00005, 5.00004, 5.00003, 5.00002, 5.00001, 5, 4.99998, 4.99996, 4.99994, 4.99991, 4.99987, 4.99983, 4.99978, 4.99972, 4.99966, 4.99958, 4.99949, 4.99938, 4.99926, 4.99912, 4.99896, 4.99878, 4.99857, 4.99834, 4.99807, 4.99777, 4.99743, 4.99705, 4.99662, 4.99614, 4.99561, 4.99502, 4.99436, 4.99363, 4.99283, 4.99194, 4.99096, 4.98988, 4.98869, 4.98739, 4.98597, 4.98442, 4.98272, 4.98087, 4.97886, 4.97667, 4.97429, 4.97172, 4.96893, 4.96592, 4.96266, 4.95915, 4.95536, 4.95128, 4.9469, 4.94219, 4.93713, 4.93171, 4.9259, 4.91968, 4.91303, 4.90592, 4.89833, 4.89024, 4.88161, 4.87243, 4.86265, 4.85225, 4.8412, 4.82947, 4.81702, 4.80382, 4.78983, 4.77501, 4.75934, 4.74275, 4.72522, 4.7067, 4.68715, 4.66652, 4.64476, 4.62183, 4.59767, 4.57223, 4.54546, 4.51731, 4.48771, 
5.00007, 5.00007, 5.00007, 5.00007, 5.00007, 5.00007, 5.00007, 5.00006, 5.00006, 5.00006, 5.00006, 5.00006, 5.00005, 5.00005, 5.00004, 5.00004, 5.00003, 5.00002, 5.00001, 4.99999, 4.99997, 4.99995, 4.99992, 4.99989, 4.99985, 4.99981, 4.99975, 4.99969, 4.99962, 4.99953, 4.99943, 4.99931, 4.99918, 4.99903, 4.99885, 4.99865, 4.99842, 4.99816, 4.99787, 4.99754, 4.99717, 4.99676, 4.99629, 4.99578, 4.9952, 4.99456, 4.99384, 4.99306, 4.99218, 4.99122, 4.99017, 4.989, 4.98773, 4.98633, 4.9848, 4.98313, 4.98131, 4.97933, 4.97717, 4.97483, 4.97229, 4.96954, 4.96657, 4.96335, 4.95988, 4.95614, 4.95211, 4.94777, 4.94311, 4.9381, 4.93274, 4.92698, 4.92082, 4.91424, 4.90719, 4.89968, 4.89165, 4.8831, 4.87399, 4.86429, 4.85398, 4.84301, 4.83137, 4.81901, 4.8059, 4.79201, 4.7773, 4.76172, 4.74525, 4.72783, 4.70943, 4.68999, 4.66949, 4.64786, 4.62506, 4.60103, 4.57574, 4.54912, 4.52111, 4.49167, 
5.00007, 5.00007, 5.00007, 5.00007, 5.00007, 5.00007, 5.00007, 5.00007, 5.00007, 5.00006, 5.00006, 5.00006, 5.00006, 5.00005, 5.00005, 5.00004, 5.00004, 5.00003, 5.00002, 5, 4.99999, 4.99996, 4.99994, 4.99991, 4.99987, 4.99983, 4.99978, 4.99972, 4.99965, 4.99957, 4.99947, 4.99936, 4.99923, 4.99908, 4.99891, 4.99872, 4.9985, 4.99825, 4.99797, 4.99765, 4.99729, 4.99688, 4.99643, 4.99593, 4.99536, 4.99473, 4.99404, 4.99326, 4.99241, 4.99147, 4.99043, 4.98928, 4.98803, 4.98665, 4.98515, 4.9835, 4.98171, 4.97976, 4.97763, 4.97532, 4.97281, 4.9701, 4.96716, 4.96398, 4.96055, 4.95684, 4.95286, 4.94856, 4.94395, 4.93899, 4.93368, 4.92798, 4.92187, 4.91534, 4.90836, 4.9009, 4.89295, 4.88446, 4.87542, 4.86579, 4.85555, 4.84467, 4.83311, 4.82083, 4.80781, 4.79401, 4.77939, 4.76391, 4.74754, 4.73022, 4.71193, 4.6926, 4.67221, 4.6507, 4.62802, 4.60412, 4.57896, 4.55247, 4.5246, 4.4953, 
5.00007, 5.00007, 5.00007, 5.00007, 5.00007, 5.00007, 5.00007, 5.00007, 5.00007, 5.00007, 5.00006, 5.00006, 5.00006, 5.00006, 5.00005, 5.00005, 5.00004, 5.00003, 5.00002, 5.00001, 5, 4.99998, 4.99995, 4.99992, 4.99989, 4.99985, 4.9998, 4.99974, 4.99968, 4.9996, 4.99951, 4.9994, 4.99928, 4.99914, 4.99897, 4.99878, 4.99857, 4.99833, 4.99805, 4.99774, 4.99739, 4.997, 4.99655, 4.99606, 4.99551, 4.99489, 4.99421, 4.99345, 4.99261, 4.99168, 4.99066, 4.98954, 4.9883, 4.98695, 4.98546, 4.98384, 4.98207, 4.98014, 4.97804, 4.97576, 4.97328, 4.9706, 4.96769, 4.96455, 4.96115, 4.95749, 4.95354, 4.94929, 4.94471, 4.9398, 4.93453, 4.92888, 4.92283, 4.91635, 4.90942, 4.90202, 4.89412, 4.8857, 4.87672, 4.86716, 4.85699, 4.84618, 4.83469, 4.82249, 4.80955, 4.79583, 4.7813, 4.76591, 4.74962, 4.7324, 4.71421, 4.69498, 4.6747, 4.65329, 4.63072, 4.60694, 4.58189, 4.55553, 4.52778, 4.49861, 
5.00007, 5.00007, 5.00007, 5.00007, 5.00007, 5.00007, 5.00007, 5.00007, 5.00007, 5.00007, 5.00007, 5.00006, 5.00006, 5.00006, 5.00006, 5.00005, 5.00005, 5.00004, 5.00003, 5.00002, 5, 4.99999, 4.99996, 4.99994, 4.99991, 4.99987, 4.99982, 4.99977, 4.9997, 4.99963, 4.99954, 4.99944, 4.99932, 4.99918, 4.99902, 4.99884, 4.99863, 4.9984, 4.99813, 4.99782, 4.99748, 4.9971, 4.99666, 4.99618, 4.99564, 4.99503, 4.99436, 4.99362, 4.99279, 4.99188, 4.99087, 4.98976, 4.98855, 4.98721, 4.98575, 4.98415, 4.9824, 4.98049, 4.97842, 4.97616, 4.97371, 4.97105, 4.96817, 4.96506, 4.96169, 4.95806, 4.95415, 4.94994, 4.9454, 4.94053, 4.9353, 4.9297, 4.92369, 4.91726, 4.91038, 4.90303, 4.89519, 4.88682, 4.8779, 4.8684, 4.85829, 4.84754, 4.83612, 4.82399, 4.81113, 4.79748, 4.78302, 4.76771, 4.75151, 4.73438, 4.71627, 4.69714, 4.67694, 4.65564, 4.63317, 4.60949, 4.58455, 4.55829, 4.53067, 4.50161, 
5.00007, 5.00007, 5.00007, 5.00007, 5.00007, 5.00007, 5.00007, 5.00007, 5.00007, 5.00007, 5.00007, 5.00007, 5.00006, 5.00006, 5.00006, 5.00005, 5.00005, 5.00004, 5.00003, 5.00002, 5.00001, 4.99999, 4.99997, 4.99995, 4.99992, 4.99988, 4.99984, 4.99979, 4.99972, 4.99965, 4.99957, 4.99947, 4.99935, 4.99922, 4.99907, 4.99889, 4.99869, 4.99846, 4.99819, 4.9979, 4.99756, 4.99718, 4.99676, 4.99628, 4.99575, 4.99516, 4.9945, 4.99376, 4.99295, 4.99205, 4.99106, 4.98997, 4.98876, 4.98744, 4.986, 4.98442, 4.98269, 4.9808, 4.97875, 4.97651, 4.97409, 4.97145, 4.9686, 4.96552, 4.96218, 4.95858, 4.9547, 4.95052, 4.94602, 4.94118, 4.93599, 4.93042, 4.92446, 4.91807, 4.91124, 4.90393, 4.89614, 4.88782, 4.87895, 4.86951, 4.85945, 4.84876, 4.8374, 4.82534, 4.81253, 4.79896, 4.78457, 4.76933, 4.7532, 4.73614, 4.71811, 4.69907, 4.67896, 4.65774, 4.63536, 4.61178, 4.58693, 4.56078, 4.53325, 4.5043, 
5.00007, 5.00007, 5.00007, 5.00007, 5.00007, 5.00007, 5.00007, 5.00007, 5.00007, 5.00007, 5.00007, 5.00007, 5.00006, 5.00006, 5.00006, 5.00006, 5.00005, 5.00005, 5.00004, 5.00003, 5.00002, 5, 4.99998, 4.99996, 4.99993, 4.99989, 4.99985, 4.9998, 4.99974, 4.99967, 4.99959, 4.99949, 4.99938, 4.99925, 4.9991, 4.99893, 4.99873, 4.99851, 4.99825, 4.99796, 4.99763, 4.99726, 4.99684, 4.99638, 4.99585, 4.99527, 4.99462, 4.99389, 4.99309, 4.9922, 4.99122, 4.99014, 4.98896, 4.98765, 4.98622, 4.98465, 4.98294, 4.98107, 4.97904, 4.97682, 4.97442, 4.97181, 4.96898, 4.96592, 4.96261, 4.95903, 4.95518, 4.95103, 4.94656, 4.94176, 4.9366, 4.93107, 4.92514, 4.91879, 4.91199, 4.90473, 4.89698, 4.8887, 4.87988, 4.87048, 4.86048, 4.84984, 4.83853, 4.82652, 4.81378, 4.80026, 4.78593, 4.77076, 4.7547, 4.73771, 4.71975, 4.70077, 4.68074, 4.6596, 4.6373, 4.6138, 4.58904, 4.56297, 4.53554, 4.50668, 
5.00007, 5.00007, 5.00007, 5.00007, 5.00007, 5.00007, 5.00007, 5.00007, 5.00007, 5.00007, 5.00007, 5.00007, 5.00007, 5.00006, 5.00006, 5.00006, 5.00005, 5.00005, 5.00004, 5.00003, 5.00002, 5.00001, 4.99999, 4.99996, 4.99994, 4.9999, 4.99986, 4.99982, 4.99976, 4.99969, 4.99961, 4.99952, 4.99941, 4.99928, 4.99914, 4.99897, 4.99877, 4.99855, 4.9983, 4.99801, 4.99769, 4.99733, 4.99692, 4.99645, 4.99594, 4.99536, 4.99472, 4.994, 4.99321, 4.99233, 4.99137, 4.9903, 4.98912, 4.98783, 4.98641, 4.98486, 4.98316, 4.98131, 4.97929, 4.9771, 4.97471, 4.97212, 4.96931, 4.96627, 4.96298, 4.95943, 4.9556, 4.95147, 4.94703, 4.94226, 4.93713, 4.93163, 4.92573, 4.91941, 4.91265, 4.90543, 4.89771, 4.88947, 4.88069, 4.87134, 4.86138, 4.85078, 4.83952, 4.82756, 4.81486, 4.8014, 4.78713, 4.77201, 4.756, 4.73907, 4.72117, 4.70226, 4.6823, 4.66122, 4.639, 4.61557, 4.59088, 4.56489, 4.53754, 4.50876, 
5.00007, 5.00007, 5.00007, 5.00007, 5.00007, 5.00007, 5.00007, 5.00007, 5.00007, 5.00007, 5.00007, 5.00007, 5.00007, 5.00006, 5.00006, 5.00006, 5.00006, 5.00005, 5.00004, 5.00004, 5.00002, 5.00001, 4.99999, 4.99997, 4.99994, 4.99991, 4.99987, 4.99983, 4.99977, 4.99971, 4.99963, 4.99954, 4.99943, 4.99931, 4.99916, 4.999, 4.99881, 4.99859, 4.99834, 4.99806, 4.99774, 4.99738, 4.99698, 4.99652, 4.99601, 4.99544, 4.99481, 4.9941, 4.99331, 4.99245, 4.99149, 4.99043, 4.98926, 4.98798, 4.98657, 4.98503, 4.98335, 4.98151, 4.97951, 4.97733, 4.97495, 4.97238, 4.96959, 4.96657, 4.9633, 4.95977, 4.95596, 4.95185, 4.94744, 4.94268, 4.93758, 4.9321, 4.92623, 4.91994, 4.91321, 4.90602, 4.89833, 4.89013, 4.88138, 4.87206, 4.86214, 4.85158, 4.84036, 4.82844, 4.81579, 4.80237, 4.78814, 4.77307, 4.75712, 4.74024, 4.72239, 4.70354, 4.68362, 4.66261, 4.64044, 4.61708, 4.59246, 4.56653, 4.53924, 4.51054, 
5.00007, 5.00007, 5.00007, 5.00007, 5.00007, 5.00007, 5.00007, 5.00007, 5.00007, 5.00007, 5.00007, 5.00007, 5.00007, 5.00007, 5.00006, 5.00006, 5.00006, 5.00005, 5.00005, 5.00004, 5.00003, 5.00001, 5, 4.99998, 4.99995, 4.99992, 4.99988, 4.99984, 4.99978, 4.99972, 4.99964, 4.99955, 4.99945, 4.99933, 4.99918, 4.99902, 4.99883, 4.99862, 4.99838, 4.9981, 4.99778, 4.99743, 4.99703, 4.99658, 4.99607, 4.99551, 4.99488, 4.99418, 4.9934, 4.99254, 4.99159, 4.99053, 4.98938, 4.9881, 4.98671, 4.98518, 4.98351, 4.98168, 4.97969, 4.97752, 4.97516, 4.9726, 4.96982, 4.96681, 4.96356, 4.96005, 4.95625, 4.95217, 4.94777, 4.94304, 4.93795, 4.9325, 4.92665, 4.92038, 4.91368, 4.90651, 4.89885, 4.89068, 4.88196, 4.87267, 4.86278, 4.85225, 4.84106, 4.82918, 4.81656, 4.80318, 4.78899, 4.77396, 4.75804, 4.74121, 4.7234, 4.70459, 4.68473, 4.66376, 4.64165, 4.61833, 4.59376, 4.56789, 4.54066, 4.51202, 
5.00007, 5.00007, 5.00007, 5.00007, 5.00007, 5.00007, 5.00007, 5.00007, 5.00007, 5.00007, 5.00007, 5.00007, 5.00007, 5.00007, 5.00006, 5.00006, 5.00006, 5.00005, 5.00005, 5.00004, 5.00003, 5.00002, 5, 4.99998, 4.99995, 4.99992, 4.99989, 4.99984, 4.99979, 4.99973, 4.99965, 4.99956, 4.99946, 4.99934, 4.9992, 4.99904, 4.99886, 4.99864, 4.9984, 4.99813, 4.99782, 4.99746, 4.99707, 4.99662, 4.99612, 4.99556, 4.99493, 4.99424, 4.99347, 4.99261, 4.99166, 4.99062, 4.98947, 4.9882, 4.98681, 4.98529, 4.98363, 4.98181, 4.97983, 4.97767, 4.97532, 4.97277, 4.97, 4.96701, 4.96377, 4.96027, 4.95649, 4.95242, 4.94804, 4.94332, 4.93825, 4.93281, 4.92698, 4.92074, 4.91405, 4.9069, 4.89926, 4.89111, 4.88242, 4.87315, 4.86328, 4.85278, 4.84162, 4.82976, 4.81718, 4.80382, 4.78966, 4.77466, 4.75878, 4.74198, 4.72421, 4.70544, 4.68561, 4.66468, 4.64261, 4.61933, 4.59481, 4.56898, 4.54179, 4.5132, 
5.00007, 5.00007, 5.00007, 5.00007, 5.00007, 5.00007, 5.00007, 5.00007, 5.00007, 5.00007, 5.00007, 5.00007, 5.00007, 5.00007, 5.00006, 5.00006, 5.00006, 5.00005, 5.00005, 5.00004, 5.00003, 5.00002, 5, 4.99998, 4.99996, 4.99993, 4.99989, 4.99985, 4.9998, 4.99973, 4.99966, 4.99957, 4.99947, 4.99935, 4.99921, 4.99906, 4.99887, 4.99866, 4.99842, 4.99815, 4.99784, 4.99749, 4.9971, 4.99665, 4.99615, 4.9956, 4.99498, 4.99428, 4.99352, 4.99266, 4.99172, 4.99068, 4.98954, 4.98828, 4.98689, 4.98538, 4.98372, 4.98191, 4.97993, 4.97778, 4.97544, 4.9729, 4.97014, 4.96716, 4.96393, 4.96043, 4.95667, 4.95261, 4.94823, 4.94353, 4.93848, 4.93305, 4.92723, 4.921, 4.91433, 4.90719, 4.89957, 4.89144, 4.88276, 4.87351, 4.86366, 4.85318, 4.84204, 4.8302, 4.81764, 4.8043, 4.79017, 4.77519, 4.75934, 4.74256, 4.72482, 4.70607, 4.68627, 4.66537, 4.64332, 4.62008, 4.59559, 4.56979, 4.54264, 4.51408, 
5.00007, 5.00007, 5.00007, 5.00007, 5.00007, 5.00007, 5.00007, 5.00007, 5.00007, 5.00007, 5.00007, 5.00007, 5.00007, 5.00007, 5.00006, 5.00006, 5.00006, 5.00005, 5.00005, 5.00004, 5.00003, 5.00002, 5, 4.99998, 4.99996, 4.99993, 4.9999, 4.99985, 4.9998, 4.99974, 4.99967, 4.99958, 4.99948, 4.99936, 4.99922, 4.99907, 4.99888, 4.99867, 4.99844, 4.99817, 4.99786, 4.99751, 4.99712, 4.99667, 4.99618, 4.99562, 4.995, 4.99432, 4.99355, 4.9927, 4.99176, 4.99073, 4.98958, 4.98833, 4.98695, 4.98544, 4.98378, 4.98197, 4.98, 4.97786, 4.97552, 4.97298, 4.97023, 4.96725, 4.96403, 4.96055, 4.95679, 4.95273, 4.94837, 4.94367, 4.93862, 4.93321, 4.9274, 4.92118, 4.91451, 4.90739, 4.89978, 4.89165, 4.88299, 4.87375, 4.86391, 4.85345, 4.84232, 4.83049, 4.81794, 4.80462, 4.7905, 4.77554, 4.7597, 4.74294, 4.72522, 4.70649, 4.68671, 4.66583, 4.6438, 4.62058, 4.59611, 4.57034, 4.54321, 4.51467, 
5.00007, 5.00007, 5.00007, 5.00007, 5.00007, 5.00007, 5.00007, 5.00007, 5.00007, 5.00007, 5.00007, 5.00007, 5.00007, 5.00007, 5.00006, 5.00006, 5.00006, 5.00006, 5.00005, 5.00004, 5.00003, 5.00002, 5, 4.99999, 4.99996, 4.99993, 4.9999, 4.99985, 4.9998, 4.99974, 4.99967, 4.99958, 4.99948, 4.99936, 4.99923, 4.99907, 4.99889, 4.99868, 4.99844, 4.99817, 4.99787, 4.99752, 4.99713, 4.99668, 4.99619, 4.99564, 4.99502, 4.99433, 4.99357, 4.99272, 4.99178, 4.99075, 4.98961, 4.98835, 4.98697, 4.98546, 4.98381, 4.98201, 4.98004, 4.97789, 4.97556, 4.97303, 4.97028, 4.9673, 4.96408, 4.9606, 4.95684, 4.95279, 4.94843, 4.94374, 4.9387, 4.93329, 4.92748, 4.92126, 4.91461, 4.90749, 4.89988, 4.89176, 4.8831, 4.87387, 4.86404, 4.85358, 4.84246, 4.83064, 4.81809, 4.80478, 4.79067, 4.77572, 4.75989, 4.74314, 4.72542, 4.7067, 4.68693, 4.66606, 4.64404, 4.62083, 4.59637, 4.57061, 4.54349, 4.51496, 

